node_id,year,population_density
0,2023,7117.42431640625
1,2023,1904.787109375
2,2023,1697.302490234375
3,2023,1053.77685546875
4,2023,1221.2808837890625
5,2023,1039.349365234375
6,2023,7839.05859375
7,2023,2639.435791015625
8,2023,7637.0068359375
9,2023,7637.0068359375
10,2023,11589.8154296875
11,2023,8827.6689453125
12,2023,-99999.0
13,2023,4032.664306640625
14,2023,11163.7578125
15,2023,5364.4658203125
16,2023,2635.68212890625
17,2023,302.7646789550781
18,2023,11663.2333984375
19,2023,383.30718994140625
20,2023,17.618629455566406
21,2023,2.7111620903015137
22,2023,490.1288757324219
23,2023,490.1288757324219
24,2023,185.41482543945312
25,2023,14.237502098083496
26,2023,466.9640808105469
27,2023,4015.939453125
28,2023,1417.0472412109375
29,2023,1034.216064453125
30,2023,1392.041748046875
31,2023,1111.230712890625
32,2023,631.6480102539062
33,2023,858.7666015625
34,2023,742.0745849609375
35,2023,152.2047576904297
36,2023,11021.94921875
37,2023,2517.479736328125
38,2023,572.2623291015625
39,2023,2182.77880859375
40,2023,21.982635498046875
41,2023,330.8108825683594
42,2023,586.0445556640625
43,2023,586.0445556640625
44,2023,509.8982849121094
45,2023,118.51355743408203
46,2023,0.17562255263328552
47,2023,512.752197265625
48,2023,433.385986328125
49,2023,142.8965606689453
50,2023,-99999.0
51,2023,1741.879638671875
52,2023,11963.9296875
53,2023,6875.97314453125
54,2023,2270.86767578125
55,2023,11549.978515625
56,2023,10176.361328125
57,2023,4565.60546875
58,2023,4565.60546875
59,2023,2609.7373046875
60,2023,1362.5322265625
61,2023,1099.497802734375
62,2023,13740.29296875
63,2023,1362.5322265625
64,2023,12985.5224609375
65,2023,797.7135620117188
66,2023,6792.4716796875
67,2023,431.1429443359375
68,2023,783.02783203125
69,2023,1415.764404296875
70,2023,426.45086669921875
71,2023,1577.6710205078125
72,2023,8425.23828125
73,2023,8425.23828125
74,2023,1473.7767333984375
75,2023,647.6260986328125
76,2023,3740.2705078125
77,2023,2134.3212890625
78,2023,7463.61572265625
79,2023,11963.9296875
80,2023,12966.24609375
81,2023,12842.498046875
82,2023,143.37600708007812
83,2023,693.87109375
84,2023,11732.1748046875
85,2023,1376.8265380859375
86,2023,15.015861511230469
87,2023,11727.2421875
88,2023,1419.481689453125
89,2023,2378.7060546875
90,2023,505.8935241699219
91,2023,636.0092163085938
92,2023,1549.2081298828125
93,2023,6752.20361328125
94,2023,3828.487060546875
95,2023,1104.2498779296875
96,2023,137.3402099609375
97,2023,13571.845703125
98,2023,9937.2265625
99,2023,11238.4462890625
100,2023,12842.498046875
101,2023,11163.7578125
102,2023,1732.4237060546875
103,2023,7982.0107421875
104,2023,5556.15185546875
105,2023,3565.380126953125
106,2023,2140.336181640625
107,2023,1141.4716796875
108,2023,11725.0078125
109,2023,4857.3125
110,2023,4857.3125
111,2023,554.8204956054688
112,2023,340.71282958984375
113,2023,386.0123291015625
114,2023,386.0123291015625
115,2023,532.6900634765625
116,2023,532.6900634765625
117,2023,1027.00341796875
118,2023,1138.7822265625
119,2023,1138.7822265625
120,2023,1060.4637451171875
121,2023,533.3270263671875
122,2023,124.29739379882812
123,2023,5092.5419921875
124,2023,4279.4453125
125,2023,1573.4461669921875
126,2023,2529.416015625
127,2023,2529.416015625
128,2023,219.88461303710938
129,2023,219.88461303710938
130,2023,138.0597381591797
131,2023,812.6281127929688
132,2023,328.8760986328125
133,2023,855.5439453125
134,2023,11852.3076171875
135,2023,5069.87548828125
136,2023,10357.12109375
137,2023,1175.7994384765625
138,2023,11852.3076171875
139,2023,4402.359375
140,2023,2054.78515625
141,2023,2054.78515625
142,2023,474.9358215332031
143,2023,4639.27734375
144,2023,2905.36669921875
145,2023,7117.42431640625
146,2023,598.2239990234375
147,2023,120.87532043457031
148,2023,300.9901428222656
149,2023,1615.829345703125
150,2023,3925.6533203125
151,2023,423.7235107421875
152,2023,4339.6650390625
153,2023,-99999.0
154,2023,479.2274475097656
155,2023,1850.1370849609375
156,2023,180.64881896972656
157,2023,383.6070861816406
158,2023,1320.476806640625
159,2023,1101.2393798828125
160,2023,2002.0052490234375
161,2023,1119.072265625
162,2023,55.79113006591797
163,2023,3721.1943359375
164,2023,155.81187438964844
165,2023,7.981236457824707
166,2023,84.93750762939453
167,2023,1526.6243896484375
168,2023,1754.6790771484375
169,2023,362.7457275390625
170,2023,2035.5721435546875
171,2023,934.0013427734375
172,2023,41.69420623779297
173,2023,659.8473510742188
174,2023,460.3988952636719
175,2023,5904.515625
176,2023,12418.916015625
177,2023,11701.4453125
178,2023,1113.8623046875
179,2023,1504.7630615234375
180,2023,4379.64208984375
181,2023,355.0603332519531
182,2023,261.21942138671875
183,2023,495.18121337890625
184,2023,145.6891326904297
185,2023,8747.0
186,2023,3801.326416015625
187,2023,388.60089111328125
188,2023,1513.9915771484375
189,2023,7535.974609375
190,2023,7535.974609375
191,2023,5.590024471282959
192,2023,13378.7919921875
193,2023,8752.30078125
194,2023,2002.0052490234375
195,2023,962.4353637695312
196,2023,8108.02734375
197,2023,1426.9385986328125
198,2023,317.9600524902344
199,2023,1962.6876220703125
200,2023,5965.42724609375
201,2023,1060.6573486328125
202,2023,5159.0
203,2023,447.6744384765625
204,2023,11184.046875
205,2023,3725.54931640625
206,2023,733.1050415039062
207,2023,671.2857055664062
208,2023,1107.8819580078125
209,2023,2922.94287109375
210,2023,554.2235717773438
211,2023,301.14434814453125
212,2023,10291.8232421875
213,2023,579.5717163085938
214,2023,1783.0040283203125
215,2023,212.11485290527344
216,2023,538.570068359375
217,2023,23.358020782470703
218,2023,132.50025939941406
219,2023,815.6221313476562
220,2023,245.75167846679688
221,2023,2811.3603515625
222,2023,1689.968017578125
223,2023,720.0331420898438
224,2023,723.5647583007812
225,2023,916.5613403320312
226,2023,4615.66259765625
227,2023,3902.476318359375
228,2023,2876.927978515625
229,2023,8087.990234375
230,2023,4168.10400390625
231,2023,10075.3974609375
232,2023,10075.3974609375
233,2023,11482.103515625
234,2023,2381.30517578125
235,2023,3406.6044921875
236,2023,1922.3853759765625
237,2023,13026.7587890625
238,2023,13026.7587890625
239,2023,4140.087890625
240,2023,246.27325439453125
241,2023,435.2147216796875
242,2023,1922.3853759765625
243,2023,1410.818603515625
244,2023,392.21551513671875
245,2023,684.1837768554688
246,2023,531.1644897460938
247,2023,388.3614807128906
248,2023,62.34798049926758
249,2023,587.5903930664062
250,2023,244.29367065429688
251,2023,117.84467315673828
252,2023,762.2468872070312
253,2023,347.70709228515625
254,2023,1007.710205078125
255,2023,2120.194580078125
256,2023,1849.6187744140625
257,2023,5114.96728515625
258,2023,10192.17578125
259,2023,12865.6142578125
260,2023,12865.6142578125
261,2023,9176.224609375
262,2023,13090.3388671875
263,2023,6167.64111328125
264,2023,10368.853515625
265,2023,1053.1796875
266,2023,7248.42919921875
267,2023,3339.0078125
268,2023,3876.064453125
269,2023,99.40818786621094
270,2023,10368.853515625
271,2023,14874.0166015625
272,2023,9049.1083984375
273,2023,13400.03125
274,2023,14846.453125
275,2023,13562.158203125
276,2023,13562.158203125
277,2023,13562.158203125
278,2023,13562.158203125
279,2023,10350.8330078125
280,2023,10350.8330078125
281,2023,5495.91748046875
282,2023,2394.149658203125
283,2023,8759.7021484375
284,2023,5495.91748046875
285,2023,13136.0341796875
286,2023,4226.96337890625
287,2023,9769.2744140625
288,2023,12096.46875
289,2023,12096.46875
290,2023,14879.1064453125
291,2023,14463.517578125
292,2023,4827.072265625
293,2023,4827.072265625
294,2023,2242.7421875
295,2023,1098.8984375
296,2023,9049.1083984375
297,2023,10187.822265625
298,2023,12096.46875
299,2023,12096.46875
300,2023,687.4005737304688
301,2023,4294.21630859375
302,2023,1333.6585693359375
303,2023,2637.026611328125
304,2023,7271.59228515625
305,2023,4651.49658203125
306,2023,631.64306640625
307,2023,7271.59228515625
308,2023,651.2832641601562
309,2023,465.6034851074219
310,2023,15978.5419921875
311,2023,11563.1630859375
312,2023,13562.158203125
313,2023,1952.377197265625
314,2023,9049.1083984375
315,2023,13562.158203125
316,2023,5980.57177734375
317,2023,13136.0341796875
318,2023,13136.0341796875
319,2023,13136.0341796875
320,2023,10846.5478515625
321,2023,10846.5478515625
322,2023,13332.654296875
323,2023,959.3157958984375
324,2023,13332.654296875
325,2023,12465.1044921875
326,2023,12465.1044921875
327,2023,13562.158203125
328,2023,13072.2470703125
329,2023,310.970458984375
330,2023,13562.158203125
331,2023,13562.158203125
332,2023,13072.2470703125
333,2023,608.1780395507812
334,2023,6017.83251953125
335,2023,11924.408203125
336,2023,3427.634033203125
337,2023,4305.76025390625
338,2023,3427.634033203125
339,2023,6866.76123046875
340,2023,465.6034851074219
341,2023,11563.1630859375
342,2023,4651.49658203125
343,2023,6017.83251953125
344,2023,6017.83251953125
345,2023,13083.859375
346,2023,9014.0849609375
347,2023,4329.95361328125
348,2023,11039.6650390625
349,2023,473.00799560546875
350,2023,1567.2392578125
351,2023,1159.760498046875
352,2023,11563.1630859375
353,2023,13083.859375
354,2023,4130.97802734375
355,2023,12222.5126953125
356,2023,1098.8984375
357,2023,8773.0302734375
358,2023,12222.5126953125
359,2023,12222.5126953125
360,2023,14404.6796875
361,2023,2919.162841796875
362,2023,536.1580200195312
363,2023,9432.44921875
364,2023,10749.7275390625
365,2023,1094.951171875
366,2023,13072.2470703125
367,2023,5342.38037109375
368,2023,377.5041198730469
369,2023,13072.2470703125
370,2023,13083.859375
371,2023,10920.6796875
372,2023,1098.8984375
373,2023,1098.8984375
374,2023,748.6090087890625
375,2023,181.00363159179688
376,2023,13072.2470703125
377,2023,13072.2470703125
378,2023,13072.2470703125
379,2023,608.1780395507812
380,2023,3243.083740234375
381,2023,778.3087768554688
382,2023,372.50537109375
383,2023,1670.179931640625
384,2023,9739.884765625
385,2023,9739.884765625
386,2023,279.89654541015625
387,2023,203.1363067626953
388,2023,15978.5419921875
389,2023,13562.158203125
390,2023,13400.03125
391,2023,13995.7880859375
392,2023,13995.7880859375
393,2023,13072.2470703125
394,2023,13072.2470703125
395,2023,3097.060546875
396,2023,1242.059814453125
397,2023,9169.5068359375
398,2023,10920.6796875
399,2023,12551.1806640625
400,2023,12551.1806640625
401,2023,7306.56982421875
402,2023,1098.8984375
403,2023,631.64306640625
404,2023,13872.5556640625
405,2023,917.3965454101562
406,2023,4426.88330078125
407,2023,4426.88330078125
408,2023,110.1972885131836
409,2023,1712.3792724609375
410,2023,9169.5068359375
411,2023,5901.21875
412,2023,10436.00390625
413,2023,804.6639404296875
414,2023,1924.66796875
415,2023,13995.7880859375
416,2023,14874.0166015625
417,2023,7999.0283203125
418,2023,5901.21875
419,2023,4799.4677734375
420,2023,10200.361328125
421,2023,10200.361328125
422,2023,10749.7275390625
423,2023,10749.7275390625
424,2023,9445.98828125
425,2023,1579.6207275390625
426,2023,366.2946472167969
427,2023,339.5563659667969
428,2023,11963.3525390625
429,2023,14358.7763671875
430,2023,1040.34765625
431,2023,651.9312744140625
432,2023,608.1780395507812
433,2023,13111.279296875
434,2023,3353.328125
435,2023,10513.1533203125
436,2023,6213.04541015625
437,2023,630.8214111328125
438,2023,4799.4677734375
439,2023,10200.361328125
440,2023,11531.9130859375
441,2023,19.90147590637207
442,2023,753.1162109375
443,2023,517.3995361328125
444,2023,984.3182373046875
445,2023,14013.6064453125
446,2023,14013.6064453125
447,2023,13995.7880859375
448,2023,1541.436767578125
449,2023,505.9408874511719
450,2023,7999.0283203125
451,2023,7999.0283203125
452,2023,11970.8720703125
453,2023,11969.447265625
454,2023,12687.7373046875
455,2023,10200.361328125
456,2023,11531.9130859375
457,2023,6602.18896484375
458,2023,246.16114807128906
459,2023,136.67855834960938
460,2023,5167.62451171875
461,2023,14013.6064453125
462,2023,10647.3525390625
463,2023,13010.6025390625
464,2023,13010.6025390625
465,2023,6922.12255859375
466,2023,194.4225311279297
467,2023,4799.4677734375
468,2023,4799.4677734375
469,2023,6229.90380859375
470,2023,106.9967269897461
471,2023,471.5072021484375
472,2023,13512.8193359375
473,2023,12574.72265625
474,2023,13562.158203125
475,2023,13072.2470703125
476,2023,13010.6025390625
477,2023,8646.9052734375
478,2023,4799.4677734375
479,2023,12441.1591796875
480,2023,11531.9130859375
481,2023,1726.234619140625
482,2023,81.06714630126953
483,2023,12222.5126953125
484,2023,13072.2470703125
485,2023,13072.2470703125
486,2023,12396.373046875
487,2023,8810.1337890625
488,2023,8810.1337890625
489,2023,175.11143493652344
490,2023,4799.4677734375
491,2023,374.6466979980469
492,2023,14013.6064453125
493,2023,12465.1044921875
494,2023,12465.1044921875
495,2023,12396.373046875
496,2023,4799.4677734375
497,2023,6229.90380859375
498,2023,9136.25390625
499,2023,189.4142303466797
500,2023,77.42544555664062
501,2023,8268.109375
502,2023,1407.53564453125
503,2023,13570.244140625
504,2023,13570.244140625
505,2023,1351.551025390625
506,2023,1659.7066650390625
507,2023,11750.017578125
508,2023,11750.017578125
509,2023,11619.232421875
510,2023,11619.232421875
511,2023,12396.373046875
512,2023,9136.25390625
513,2023,4799.4677734375
514,2023,473.819580078125
515,2023,13235.76953125
516,2023,3799.246337890625
517,2023,1299.5928955078125
518,2023,13570.244140625
519,2023,12465.1044921875
520,2023,47.257354736328125
521,2023,1551.43017578125
522,2023,462.2634582519531
523,2023,1341.9385986328125
524,2023,213.14291381835938
525,2023,4799.4677734375
526,2023,12771.4287109375
527,2023,13562.158203125
528,2023,13562.158203125
529,2023,2497.146484375
530,2023,9060.7001953125
531,2023,12687.7373046875
532,2023,4225.966796875
533,2023,10351.662109375
534,2023,8390.412109375
535,2023,11531.9130859375
536,2023,12574.72265625
537,2023,13570.244140625
538,2023,12957.720703125
539,2023,12465.1044921875
540,2023,183.1189422607422
541,2023,12687.7373046875
542,2023,12110.7734375
543,2023,10351.662109375
544,2023,14483.3046875
545,2023,14483.3046875
546,2023,14483.3046875
547,2023,12441.1591796875
548,2023,10610.9775390625
549,2023,12574.72265625
550,2023,12771.4287109375
551,2023,13585.1689453125
552,2023,12110.7734375
553,2023,1196.6905517578125
554,2023,10351.662109375
555,2023,10200.361328125
556,2023,13570.244140625
557,2023,172.3061065673828
558,2023,11076.892578125
559,2023,14822.4150390625
560,2023,13255.2998046875
561,2023,13255.2998046875
562,2023,13255.2998046875
563,2023,14822.4150390625
564,2023,126.47441864013672
565,2023,11076.892578125
566,2023,13748.3662109375
567,2023,12555.8359375
568,2023,1464.075927734375
569,2023,1051.3658447265625
570,2023,214.64376831054688
571,2023,93.66088104248047
572,2023,563.68017578125
573,2023,1722.76171875
574,2023,780.7525024414062
575,2023,1000.1887817382812
576,2023,145.8992462158203
577,2023,12869.5205078125
578,2023,12869.5205078125
579,2023,8794.392578125
580,2023,8794.392578125
581,2023,13748.3662109375
582,2023,13748.3662109375
583,2023,13748.3662109375
584,2023,11076.892578125
585,2023,12465.1044921875
586,2023,285.4586486816406
587,2023,432.42083740234375
588,2023,499.4198303222656
589,2023,10185.8193359375
590,2023,8692.1806640625
591,2023,12110.7734375
592,2023,8188.1708984375
593,2023,8188.1708984375
594,2023,8188.1708984375
595,2023,9243.9208984375
596,2023,9243.9208984375
597,2023,1292.21728515625
598,2023,2985.7275390625
599,2023,650.7084350585938
600,2023,2726.637939453125
601,2023,3842.4853515625
602,2023,689.6333618164062
603,2023,449.94769287109375
604,2023,1570.689697265625
605,2023,1555.4244384765625
606,2023,156.4051971435547
607,2023,377.5041198730469
608,2023,6863.85302734375
609,2023,9508.4970703125
610,2023,9508.4970703125
611,2023,12236.544921875
612,2023,10373.9404296875
613,2023,12869.5205078125
614,2023,12869.5205078125
615,2023,13748.3662109375
616,2023,888.1585693359375
617,2023,12396.373046875
618,2023,11522.494140625
619,2023,8180.78662109375
620,2023,9243.9208984375
621,2023,13570.244140625
622,2023,179.44155883789062
623,2023,107.55074310302734
624,2023,107.55074310302734
625,2023,2364.1220703125
626,2023,2393.792236328125
627,2023,174.2918701171875
628,2023,1529.8795166015625
629,2023,24.140220642089844
630,2023,378.6210021972656
631,2023,548.6085815429688
632,2023,1736.981201171875
633,2023,1273.6927490234375
634,2023,631.64306640625
635,2023,2100.655029296875
636,2023,10373.9404296875
637,2023,12869.5205078125
638,2023,11824.6728515625
639,2023,11246.5244140625
640,2023,11824.6728515625
641,2023,12396.373046875
642,2023,12396.373046875
643,2023,11342.9423828125
644,2023,9331.3583984375
645,2023,9331.3583984375
646,2023,35.981529235839844
647,2023,-99999.0
648,2023,698.8715209960938
649,2023,9432.44921875
650,2023,13255.2998046875
651,2023,13255.2998046875
652,2023,9243.9208984375
653,2023,1914.866943359375
654,2023,7318.79345703125
655,2023,4202.330078125
656,2023,855.0736694335938
657,2023,67.23963165283203
658,2023,169.76040649414062
659,2023,327.5440979003906
660,2023,1286.669189453125
661,2023,980.4457397460938
662,2023,1026.4901123046875
663,2023,8293.2314453125
664,2023,1725.1214599609375
665,2023,1725.1214599609375
666,2023,13474.3046875
667,2023,13474.3046875
668,2023,14137.39453125
669,2023,12869.5205078125
670,2023,12869.5205078125
671,2023,8193.056640625
672,2023,12675.48828125
673,2023,13748.3662109375
674,2023,13748.3662109375
675,2023,12771.4287109375
676,2023,628.3829956054688
677,2023,5218.89306640625
678,2023,4056.8984375
679,2023,12877.85546875
680,2023,12877.85546875
681,2023,12877.85546875
682,2023,12660.9619140625
683,2023,3423.391845703125
684,2023,4056.8984375
685,2023,3097.060546875
686,2023,3097.060546875
687,2023,8818.4931640625
688,2023,9014.0849609375
689,2023,11924.408203125
690,2023,11924.408203125
691,2023,791.0450439453125
692,2023,121.0665283203125
693,2023,679.4796142578125
694,2023,579.2785034179688
695,2023,8138.640625
696,2023,8138.640625
697,2023,10404.693359375
698,2023,14404.6796875
699,2023,12096.46875
700,2023,7040.48779296875
701,2023,7318.79345703125
702,2023,2734.29541015625
703,2023,2734.29541015625
704,2023,10987.708984375
705,2023,10987.708984375
706,2023,8138.640625
707,2023,3896.031494140625
708,2023,9503.775390625
709,2023,980.4457397460938
710,2023,503.7950439453125
711,2023,1725.1214599609375
712,2023,1725.1214599609375
713,2023,1725.1214599609375
714,2023,1725.1214599609375
715,2023,2242.9033203125
716,2023,2242.9033203125
717,2023,198.0059814453125
718,2023,198.0059814453125
719,2023,2214.439208984375
720,2023,11014.0615234375
721,2023,13768.6748046875
722,2023,10373.9404296875
723,2023,10373.9404296875
724,2023,14018.294921875
725,2023,10758.7099609375
726,2023,12675.48828125
727,2023,11317.810546875
728,2023,228.74122619628906
729,2023,8031.6767578125
730,2023,5624.45068359375
731,2023,5624.45068359375
732,2023,7548.04736328125
733,2023,11924.408203125
734,2023,579.2785034179688
735,2023,579.2785034179688
736,2023,79.25163269042969
737,2023,8346.6162109375
738,2023,389.826416015625
739,2023,6965.8291015625
740,2023,9335.365234375
741,2023,9335.365234375
742,2023,6965.8291015625
743,2023,12024.6591796875
744,2023,668.5831909179688
745,2023,668.5831909179688
746,2023,668.5831909179688
747,2023,7078.64697265625
748,2023,4848.45556640625
749,2023,4848.45556640625
750,2023,4848.45556640625
751,2023,5505.68017578125
752,2023,551.3819580078125
753,2023,1455.47412109375
754,2023,551.3819580078125
755,2023,800.2088012695312
756,2023,7266.82666015625
757,2023,480.2370300292969
758,2023,480.2370300292969
759,2023,262.467041015625
760,2023,181.35076904296875
761,2023,623.3235473632812
762,2023,14018.294921875
763,2023,14822.4150390625
764,2023,434.4051818847656
765,2023,600.363037109375
766,2023,112.14873504638672
767,2023,722.2814331054688
768,2023,8516.48828125
769,2023,8516.48828125
770,2023,7548.04736328125
771,2023,7271.59228515625
772,2023,7271.59228515625
773,2023,10646.775390625
774,2023,121.88829803466797
775,2023,142.12722778320312
776,2023,554.1099853515625
777,2023,4347.41650390625
778,2023,6965.8291015625
779,2023,6965.8291015625
780,2023,11762.9169921875
781,2023,668.5831909179688
782,2023,4848.45556640625
783,2023,4870.1591796875
784,2023,6625.39990234375
785,2023,4729.20751953125
786,2023,4729.20751953125
787,2023,277.7012634277344
788,2023,3739.314208984375
789,2023,3281.78759765625
790,2023,360.89923095703125
791,2023,623.3235473632812
792,2023,14137.39453125
793,2023,14822.4150390625
794,2023,591.1961059570312
795,2023,1720.814208984375
796,2023,10958.5537109375
797,2023,10803.0380859375
798,2023,3517.433837890625
799,2023,3517.433837890625
800,2023,6395.35888671875
801,2023,1331.2691650390625
802,2023,698.8715209960938
803,2023,698.8715209960938
804,2023,624.3785400390625
805,2023,624.3785400390625
806,2023,2217.89501953125
807,2023,2217.89501953125
808,2023,3616.375
809,2023,12003.615234375
810,2023,4347.41650390625
811,2023,4347.41650390625
812,2023,1439.58740234375
813,2023,2719.04833984375
814,2023,13748.3662109375
815,2023,13474.3046875
816,2023,13093.7265625
817,2023,14137.39453125
818,2023,14137.39453125
819,2023,14643.369140625
820,2023,14643.369140625
821,2023,8243.091796875
822,2023,8243.091796875
823,2023,12581.7763671875
824,2023,12581.7763671875
825,2023,8243.091796875
826,2023,11014.0615234375
827,2023,11194.6083984375
828,2023,13748.3662109375
829,2023,13748.3662109375
830,2023,13748.3662109375
831,2023,14643.369140625
832,2023,14643.369140625
833,2023,14643.369140625
834,2023,14137.39453125
835,2023,12560.2939453125
836,2023,12560.2939453125
837,2023,12560.2939453125
838,2023,12560.2939453125
839,2023,12560.2939453125
840,2023,12560.2939453125
841,2023,12560.2939453125
842,2023,11668.482421875
843,2023,5837.4599609375
844,2023,5837.4599609375
845,2023,5837.4599609375
846,2023,5837.4599609375
847,2023,14137.39453125
848,2023,14137.39453125
849,2023,14137.39453125
850,2023,10373.9404296875
851,2023,10373.9404296875
852,2023,10373.9404296875
853,2023,12767.19921875
854,2023,12767.19921875
855,2023,12767.19921875
856,2023,12767.19921875
857,2023,12767.19921875
858,2023,10373.9404296875
859,2023,7631.53173828125
860,2023,11014.0615234375
861,2023,7960.4384765625
862,2023,7960.4384765625
863,2023,13395.6796875
864,2023,13395.6796875
865,2023,9898.318359375
866,2023,9898.318359375
867,2023,14846.453125
868,2023,14822.4150390625
869,2023,14822.4150390625
870,2023,11916.09375
871,2023,11396.5
872,2023,6849.78955078125
873,2023,13246.9033203125
874,2023,13246.9033203125
875,2023,13246.9033203125
876,2023,13246.9033203125
877,2023,13246.9033203125
878,2023,10958.5537109375
879,2023,12834.1513671875
880,2023,11398.9072265625
881,2023,9130.4169921875
882,2023,14367.9697265625
883,2023,5129.9658203125
884,2023,5129.9658203125
885,2023,12095.158203125
886,2023,12834.1513671875
887,2023,9768.1572265625
888,2023,9768.1572265625
889,2023,9768.1572265625
890,2023,11580.9462890625
891,2023,6520.54443359375
892,2023,1031.81005859375
893,2023,10176.01171875
894,2023,14463.517578125
895,2023,4426.88330078125
896,2023,12551.1806640625
897,2023,464.1415100097656
898,2023,5613.19140625
899,2023,5613.19140625
900,2023,5613.19140625
901,2023,5613.19140625
902,2023,4426.88330078125
903,2023,13570.244140625
904,2023,14387.98046875
905,2023,12003.615234375
906,2023,7342.96826171875
907,2023,4542.45654296875
908,2023,1818.064208984375
909,2023,2159.9716796875
910,2023,11014.0615234375
911,2023,14822.4150390625
912,2023,855.0178833007812
913,2023,10176.01171875
914,2023,1104.9434814453125
915,2023,843.6922607421875
916,2023,412.35772705078125
917,2023,174.2918701171875
918,2023,14822.4150390625
919,2023,7224.10791015625
920,2023,6996.7421875
921,2023,6996.7421875
922,2023,6996.7421875
923,2023,6996.7421875
924,2023,2001.8302001953125
925,2023,412.35772705078125
926,2023,6748.42431640625
927,2023,1471.5799560546875
928,2023,199.10333251953125
929,2023,6395.35888671875
930,2023,11603.138671875
931,2023,1309.6968994140625
932,2023,2001.8302001953125
933,2023,647.6260986328125
0,2024,7159.40966796875
1,2024,1916.4482421875
2,2024,1711.0439453125
3,2024,1060.2249755859375
4,2024,1231.7860107421875
5,2024,1047.677001953125
6,2024,7880.07177734375
7,2024,2658.973388671875
8,2024,7681.1171875
9,2024,7681.1171875
10,2024,11651.7109375
11,2024,8876.9169921875
12,2024,9.008530033050022e-11
13,2024,4053.84228515625
14,2024,11221.892578125
15,2024,5394.791015625
16,2024,2654.30029296875
17,2024,304.7478332519531
18,2024,11730.6572265625
19,2024,385.69293212890625
20,2024,17.81245994567871
21,2024,2.781280755996704
22,2024,495.1258239746094
23,2024,495.1258239746094
24,2024,187.3834228515625
25,2024,14.268987655639648
26,2024,469.7952575683594
27,2024,4044.653564453125
28,2024,1427.1812744140625
29,2024,1041.729248046875
30,2024,1402.4534912109375
31,2024,1117.012451171875
32,2024,634.3084106445312
33,2024,864.8179321289062
34,2024,747.7247924804688
35,2024,152.6395721435547
36,2024,11087.7646484375
37,2024,2533.86865234375
38,2024,576.8699951171875
39,2024,2196.597412109375
40,2024,22.016077041625977
41,2024,332.96392822265625
42,2024,589.5331420898438
43,2024,589.5331420898438
44,2024,513.0267944335938
45,2024,120.11652374267578
46,2024,0.1756225973367691
47,2024,515.9903564453125
48,2024,435.5418395996094
49,2024,143.80288696289062
50,2024,-99999.0
51,2024,1752.5203857421875
52,2024,12029.0693359375
53,2024,6918.61181640625
54,2024,2285.173095703125
55,2024,11614.3974609375
56,2024,10234.0029296875
57,2024,4594.62158203125
58,2024,4594.62158203125
59,2024,2627.84619140625
60,2024,1371.615478515625
61,2024,1108.8839111328125
62,2024,13814.8369140625
63,2024,1371.615478515625
64,2024,13055.515625
65,2024,801.6498413085938
66,2024,6835.234375
67,2024,432.671630859375
68,2024,789.2869262695312
69,2024,1426.236572265625
70,2024,428.4371643066406
71,2024,1588.07275390625
72,2024,8473.5166015625
73,2024,8473.5166015625
74,2024,1483.7684326171875
75,2024,651.8587646484375
76,2024,3759.333251953125
77,2024,2150.235595703125
78,2024,7506.4326171875
79,2024,12029.0693359375
80,2024,13033.8974609375
81,2024,12912.82421875
82,2024,144.8834228515625
83,2024,697.3754272460938
84,2024,11796.8056640625
85,2024,1384.946533203125
86,2024,15.128146171569824
87,2024,11785.45703125
88,2024,1428.8131103515625
89,2024,2393.407470703125
90,2024,508.27740478515625
91,2024,639.8714599609375
92,2024,1560.8909912109375
93,2024,6790.79833984375
94,2024,3857.519775390625
95,2024,1111.6527099609375
96,2024,137.8320770263672
97,2024,13643.6513671875
98,2024,9998.779296875
99,2024,11302.205078125
100,2024,12912.82421875
101,2024,11221.892578125
102,2024,1745.2822265625
103,2024,8026.78955078125
104,2024,5591.31640625
105,2024,3587.583740234375
106,2024,2154.5224609375
107,2024,1148.38427734375
108,2024,11787.544921875
109,2024,4887.1279296875
110,2024,4887.1279296875
111,2024,560.8076782226562
112,2024,342.5915222167969
113,2024,388.13446044921875
114,2024,388.13446044921875
115,2024,537.732177734375
116,2024,537.732177734375
117,2024,1034.359130859375
118,2024,1144.955322265625
119,2024,1144.955322265625
120,2024,1068.5419921875
121,2024,536.0261840820312
122,2024,124.93385314941406
123,2024,5128.37158203125
124,2024,4310.99658203125
125,2024,1583.65380859375
126,2024,2546.205810546875
127,2024,2546.205810546875
128,2024,221.06105041503906
129,2024,221.06105041503906
130,2024,138.4620819091797
131,2024,818.0032348632812
132,2024,330.7466735839844
133,2024,861.5231323242188
134,2024,11917.5869140625
135,2024,5101.8779296875
136,2024,10417.8427734375
137,2024,1183.840087890625
138,2024,11917.5869140625
139,2024,4428.2451171875
140,2024,2066.939697265625
141,2024,2066.939697265625
142,2024,478.05706787109375
143,2024,4665.80126953125
144,2024,2921.9482421875
145,2024,7159.40966796875
146,2024,601.5586547851562
147,2024,121.18426513671875
148,2024,302.11883544921875
149,2024,1626.8568115234375
150,2024,3954.263916015625
151,2024,426.2915344238281
152,2024,4362.2783203125
153,2024,-99999.0
154,2024,481.88568115234375
155,2024,1859.9090576171875
156,2024,181.4078369140625
157,2024,385.1305847167969
158,2024,1328.454833984375
159,2024,1111.84033203125
160,2024,2014.2259521484375
161,2024,1125.30908203125
162,2024,55.79156494140625
163,2024,3744.815673828125
164,2024,156.4931640625
165,2024,7.991473197937012
166,2024,84.99200439453125
167,2024,1537.1539306640625
168,2024,1765.494873046875
169,2024,365.086181640625
170,2024,2047.226318359375
171,2024,940.6668090820312
172,2024,41.747596740722656
173,2024,662.8137817382812
174,2024,462.91204833984375
175,2024,5944.1328125
176,2024,12490.220703125
177,2024,11765.04296875
178,2024,1120.16650390625
179,2024,1514.6907958984375
180,2024,4405.0068359375
181,2024,357.0216979980469
182,2024,261.75567626953125
183,2024,499.350341796875
184,2024,145.9352264404297
185,2024,8797.4677734375
186,2024,3823.91650390625
187,2024,390.1132507324219
188,2024,1526.38330078125
189,2024,7579.521484375
190,2024,7579.521484375
191,2024,5.602719783782959
192,2024,13450.5732421875
193,2024,8801.5810546875
194,2024,2014.2259521484375
195,2024,970.0223388671875
196,2024,8156.39599609375
197,2024,1435.73095703125
198,2024,320.9490966796875
199,2024,1976.6749267578125
200,2024,5998.17138671875
201,2024,1066.240478515625
202,2024,5190.537109375
203,2024,450.0080261230469
204,2024,11240.880859375
205,2024,3751.635009765625
206,2024,736.89501953125
207,2024,675.3648681640625
208,2024,1114.673095703125
209,2024,2944.331298828125
210,2024,558.8653564453125
211,2024,302.76123046875
212,2024,10343.1201171875
213,2024,581.708984375
214,2024,1792.9112548828125
215,2024,212.69839477539062
216,2024,542.0861206054688
217,2024,23.358036041259766
218,2024,132.89259338378906
219,2024,820.0394287109375
220,2024,247.28318786621094
221,2024,2827.352783203125
222,2024,1702.0902099609375
223,2024,724.9962158203125
224,2024,727.7778930664062
225,2024,923.5369262695312
226,2024,4648.22314453125
227,2024,3925.9755859375
228,2024,2894.99853515625
229,2024,8128.89892578125
230,2024,4193.14501953125
231,2024,10126.478515625
232,2024,10126.478515625
233,2024,11547.57421875
234,2024,2396.063232421875
235,2024,3425.680419921875
236,2024,1934.068603515625
237,2024,13099.4697265625
238,2024,13099.4697265625
239,2024,4164.51806640625
240,2024,246.72462463378906
241,2024,437.8700866699219
242,2024,1934.068603515625
243,2024,1420.535400390625
244,2024,396.33868408203125
245,2024,689.3091430664062
246,2024,535.038330078125
247,2024,389.2073059082031
248,2024,62.49182891845703
249,2024,590.5919799804688
250,2024,245.20318603515625
251,2024,118.22264099121094
252,2024,766.4940185546875
253,2024,351.4576721191406
254,2024,1013.1312866210938
255,2024,2138.36328125
256,2024,1862.9158935546875
257,2024,5147.1982421875
258,2024,10249.0126953125
259,2024,12941.0224609375
260,2024,12941.0224609375
261,2024,9230.6875
262,2024,13164.43359375
263,2024,6204.93701171875
264,2024,10423.79296875
265,2024,1060.03125
266,2024,7289.08642578125
267,2024,3361.662109375
268,2024,3899.626220703125
269,2024,99.67105102539062
270,2024,10423.79296875
271,2024,14953.2236328125
272,2024,9091.501953125
273,2024,13473.3037109375
274,2024,14926.6162109375
275,2024,13632.986328125
276,2024,13632.986328125
277,2024,13632.986328125
278,2024,13632.986328125
279,2024,10399.6953125
280,2024,10399.6953125
281,2024,5527.77734375
282,2024,2409.652587890625
283,2024,8810.03515625
284,2024,5527.77734375
285,2024,13206.029296875
286,2024,4247.5244140625
287,2024,9823.4267578125
288,2024,12158.685546875
289,2024,12158.685546875
290,2024,14960.482421875
291,2024,14542.138671875
292,2024,4854.1240234375
293,2024,4854.1240234375
294,2024,2257.58203125
295,2024,1107.218994140625
296,2024,9091.501953125
297,2024,10242.7099609375
298,2024,12158.685546875
299,2024,12158.685546875
300,2024,694.5617065429688
301,2024,4319.31298828125
302,2024,1344.0233154296875
303,2024,2657.735107421875
304,2024,7307.43017578125
305,2024,4676.8515625
306,2024,637.38037109375
307,2024,7307.43017578125
308,2024,654.9996337890625
309,2024,468.4693908691406
310,2024,16066.1171875
311,2024,11625.8564453125
312,2024,13632.986328125
313,2024,1964.7257080078125
314,2024,9091.501953125
315,2024,13632.986328125
316,2024,6017.74853515625
317,2024,13206.029296875
318,2024,13206.029296875
319,2024,13206.029296875
320,2024,10897.4951171875
321,2024,10897.4951171875
322,2024,13405.0
323,2024,968.17626953125
324,2024,13405.0
325,2024,12528.90234375
326,2024,12528.90234375
327,2024,13632.986328125
328,2024,13140.244140625
329,2024,312.32745361328125
330,2024,13632.986328125
331,2024,13632.986328125
332,2024,13140.244140625
333,2024,612.875732421875
334,2024,6049.85986328125
335,2024,11990.4072265625
336,2024,3448.85888671875
337,2024,4336.72119140625
338,2024,3448.85888671875
339,2024,6903.86376953125
340,2024,468.4693908691406
341,2024,11625.8564453125
342,2024,4676.8515625
343,2024,6049.85986328125
344,2024,6049.85986328125
345,2024,13151.890625
346,2024,9061.5009765625
347,2024,4351.7685546875
348,2024,11097.4150390625
349,2024,476.59942626953125
350,2024,1580.4112548828125
351,2024,1168.4307861328125
352,2024,11625.8564453125
353,2024,13151.890625
354,2024,4157.67333984375
355,2024,12287.083984375
356,2024,1107.218994140625
357,2024,8821.5703125
358,2024,12287.083984375
359,2024,12287.083984375
360,2024,14481.19140625
361,2024,2938.449462890625
362,2024,539.729248046875
363,2024,9479.134765625
364,2024,10805.35546875
365,2024,1100.24462890625
366,2024,13140.244140625
367,2024,5373.31494140625
368,2024,380.50341796875
369,2024,13140.244140625
370,2024,13151.890625
371,2024,10977.7724609375
372,2024,1107.218994140625
373,2024,1107.218994140625
374,2024,753.7418212890625
375,2024,181.29534912109375
376,2024,13140.244140625
377,2024,13140.244140625
378,2024,13140.244140625
379,2024,612.875732421875
380,2024,3264.828857421875
381,2024,785.8106079101562
382,2024,373.42620849609375
383,2024,1682.1005859375
384,2024,9785.923828125
385,2024,9785.923828125
386,2024,281.9039001464844
387,2024,203.8822021484375
388,2024,16066.1171875
389,2024,13632.986328125
390,2024,13473.3037109375
391,2024,14074.353515625
392,2024,14074.353515625
393,2024,13140.244140625
394,2024,13140.244140625
395,2024,3113.57568359375
396,2024,1254.72607421875
397,2024,9218.6005859375
398,2024,10977.7724609375
399,2024,12620.2822265625
400,2024,12620.2822265625
401,2024,7345.5458984375
402,2024,1107.218994140625
403,2024,637.38037109375
404,2024,13943.1455078125
405,2024,921.8412475585938
406,2024,4452.00048828125
407,2024,4452.00048828125
408,2024,111.00973510742188
409,2024,1726.2374267578125
410,2024,9218.6005859375
411,2024,5935.28955078125
412,2024,10494.1201171875
413,2024,811.430419921875
414,2024,1940.658203125
415,2024,14074.353515625
416,2024,14953.2236328125
417,2024,8040.31591796875
418,2024,5935.28955078125
419,2024,4828.154296875
420,2024,10255.103515625
421,2024,10255.103515625
422,2024,10805.35546875
423,2024,10805.35546875
424,2024,9496.1669921875
425,2024,1591.3414306640625
426,2024,367.9427490234375
427,2024,342.1282043457031
428,2024,12030.810546875
429,2024,14433.01953125
430,2024,1053.60888671875
431,2024,658.2880249023438
432,2024,612.875732421875
433,2024,13179.3125
434,2024,3378.978515625
435,2024,10570.6474609375
436,2024,6249.36181640625
437,2024,635.2722778320312
438,2024,4828.154296875
439,2024,10255.103515625
440,2024,11593.5380859375
441,2024,20.02435302734375
442,2024,757.6585693359375
443,2024,520.824951171875
444,2024,989.47802734375
445,2024,14088.4873046875
446,2024,14088.4873046875
447,2024,14074.353515625
448,2024,1552.4293212890625
449,2024,512.0615234375
450,2024,8040.31591796875
451,2024,8040.31591796875
452,2024,12032.611328125
453,2024,12031.7509765625
454,2024,12756.6953125
455,2024,10255.103515625
456,2024,11593.5380859375
457,2024,6644.24267578125
458,2024,247.345703125
459,2024,137.7693634033203
460,2024,5201.18505859375
461,2024,14088.4873046875
462,2024,10707.3759765625
463,2024,13079.3857421875
464,2024,13079.3857421875
465,2024,6959.51806640625
466,2024,197.31124877929688
467,2024,4828.154296875
468,2024,4828.154296875
469,2024,6265.77197265625
470,2024,108.1766586303711
471,2024,477.19500732421875
472,2024,13579.904296875
473,2024,12643.5927734375
474,2024,13632.986328125
475,2024,13140.244140625
476,2024,13079.3857421875
477,2024,8696.1494140625
478,2024,4828.154296875
479,2024,12508.8330078125
480,2024,11593.5380859375
481,2024,1736.41455078125
482,2024,81.37088012695312
483,2024,12287.083984375
484,2024,13140.244140625
485,2024,13140.244140625
486,2024,12461.638671875
487,2024,8861.0341796875
488,2024,8861.0341796875
489,2024,176.69618225097656
490,2024,4828.154296875
491,2024,375.9763488769531
492,2024,14088.4873046875
493,2024,12528.90234375
494,2024,12528.90234375
495,2024,12461.638671875
496,2024,4828.154296875
497,2024,6265.77197265625
498,2024,9184.5185546875
499,2024,190.4481201171875
500,2024,77.52883911132812
501,2024,8319.884765625
502,2024,1418.02587890625
503,2024,13641.5244140625
504,2024,13641.5244140625
505,2024,1361.49755859375
506,2024,1673.2203369140625
507,2024,11813.65625
508,2024,11813.65625
509,2024,11681.884765625
510,2024,11681.884765625
511,2024,12461.638671875
512,2024,9184.5185546875
513,2024,4828.154296875
514,2024,478.383544921875
515,2024,13307.14453125
516,2024,3824.507568359375
517,2024,1307.421142578125
518,2024,13641.5244140625
519,2024,12528.90234375
520,2024,47.26090621948242
521,2024,1561.0738525390625
522,2024,465.0906982421875
523,2024,1350.635009765625
524,2024,214.04734802246094
525,2024,4828.154296875
526,2024,12843.5322265625
527,2024,13632.986328125
528,2024,13632.986328125
529,2024,2512.6806640625
530,2024,9113.048828125
531,2024,12756.6953125
532,2024,4250.54638671875
533,2024,10408.4912109375
534,2024,8442.138671875
535,2024,11593.5380859375
536,2024,12643.5927734375
537,2024,13641.5244140625
538,2024,13022.3154296875
539,2024,12528.90234375
540,2024,185.82675170898438
541,2024,12756.6953125
542,2024,12177.1396484375
543,2024,10408.4912109375
544,2024,14560.4228515625
545,2024,14560.4228515625
546,2024,14560.4228515625
547,2024,12508.8330078125
548,2024,10669.6904296875
549,2024,12643.5927734375
550,2024,12843.5322265625
551,2024,13656.34765625
552,2024,12177.1396484375
553,2024,1203.7257080078125
554,2024,10408.4912109375
555,2024,10255.103515625
556,2024,13641.5244140625
557,2024,172.7129669189453
558,2024,11136.2548828125
559,2024,14903.3759765625
560,2024,13324.7998046875
561,2024,13324.7998046875
562,2024,13324.7998046875
563,2024,14903.3759765625
564,2024,127.25807189941406
565,2024,11136.2548828125
566,2024,13821.4453125
567,2024,12624.21875
568,2024,1472.6168212890625
569,2024,1062.3477783203125
570,2024,217.1859130859375
571,2024,93.91951751708984
572,2024,566.6533203125
573,2024,1735.60595703125
574,2024,788.2247314453125
575,2024,1005.3031005859375
576,2024,147.06149291992188
577,2024,12937.2607421875
578,2024,12937.2607421875
579,2024,8836.5869140625
580,2024,8836.5869140625
581,2024,13821.4453125
582,2024,13821.4453125
583,2024,13821.4453125
584,2024,11136.2548828125
585,2024,12528.90234375
586,2024,287.52593994140625
587,2024,436.3329772949219
588,2024,502.09893798828125
589,2024,10232.4736328125
590,2024,8738.87890625
591,2024,12177.1396484375
592,2024,8236.560546875
593,2024,8236.560546875
594,2024,8236.560546875
595,2024,9293.1201171875
596,2024,9293.1201171875
597,2024,1299.1865234375
598,2024,3008.8173828125
599,2024,657.6619873046875
600,2024,2746.773681640625
601,2024,3869.384033203125
602,2024,692.2932739257812
603,2024,455.0199890136719
604,2024,1581.7010498046875
605,2024,1566.329833984375
606,2024,156.73355102539062
607,2024,380.50341796875
608,2024,6906.66845703125
609,2024,9558.1572265625
610,2024,9558.1572265625
611,2024,12301.9189453125
612,2024,10429.322265625
613,2024,12937.2607421875
614,2024,12937.2607421875
615,2024,13821.4453125
616,2024,893.3406982421875
617,2024,12461.638671875
618,2024,11586.2080078125
619,2024,8230.1240234375
620,2024,9293.1201171875
621,2024,13641.5244140625
622,2024,179.88450622558594
623,2024,108.24629974365234
624,2024,108.24629974365234
625,2024,2384.68798828125
626,2024,2408.760498046875
627,2024,175.53379821777344
628,2024,1542.2652587890625
629,2024,24.15152931213379
630,2024,381.40948486328125
631,2024,552.2536010742188
632,2024,1747.720947265625
633,2024,1281.2137451171875
634,2024,637.38037109375
635,2024,2117.5537109375
636,2024,10429.322265625
637,2024,12937.2607421875
638,2024,11887.533203125
639,2024,11307.1181640625
640,2024,11887.533203125
641,2024,12461.638671875
642,2024,12461.638671875
643,2024,11405.6005859375
644,2024,9382.9453125
645,2024,9382.9453125
646,2024,36.0188102722168
647,2024,-99999.0
648,2024,705.3759765625
649,2024,9479.134765625
650,2024,13324.7998046875
651,2024,13324.7998046875
652,2024,9293.1201171875
653,2024,1932.1082763671875
654,2024,7358.70068359375
655,2024,4228.61767578125
656,2024,861.04052734375
657,2024,67.40530395507812
658,2024,170.5396728515625
659,2024,331.7436828613281
660,2024,1297.345458984375
661,2024,985.2667846679688
662,2024,1033.6829833984375
663,2024,8338.0478515625
664,2024,1735.30615234375
665,2024,1735.30615234375
666,2024,13550.6708984375
667,2024,13550.6708984375
668,2024,14208.80859375
669,2024,12937.2607421875
670,2024,12937.2607421875
671,2024,8231.5791015625
672,2024,12742.224609375
673,2024,13821.4453125
674,2024,13821.4453125
675,2024,12843.5322265625
676,2024,631.1602172851562
677,2024,5246.24951171875
678,2024,4079.831787109375
679,2024,12944.9638671875
680,2024,12944.9638671875
681,2024,12944.9638671875
682,2024,12727.7333984375
683,2024,3444.069091796875
684,2024,4079.831787109375
685,2024,3113.57568359375
686,2024,3113.57568359375
687,2024,8861.4306640625
688,2024,9061.5009765625
689,2024,11990.4072265625
690,2024,11990.4072265625
691,2024,795.3463134765625
692,2024,121.35930633544922
693,2024,687.728271484375
694,2024,586.6229858398438
695,2024,8184.056640625
696,2024,8184.056640625
697,2024,10460.7919921875
698,2024,14481.19140625
699,2024,12158.685546875
700,2024,7083.8076171875
701,2024,7358.70068359375
702,2024,2753.927978515625
703,2024,2753.927978515625
704,2024,11045.326171875
705,2024,11045.326171875
706,2024,8184.056640625
707,2024,3920.25732421875
708,2024,9553.4130859375
709,2024,985.2667846679688
710,2024,506.0207214355469
711,2024,1735.30615234375
712,2024,1735.30615234375
713,2024,1735.30615234375
714,2024,1735.30615234375
715,2024,2258.859130859375
716,2024,2258.859130859375
717,2024,199.21658325195312
718,2024,199.21658325195312
719,2024,2228.64599609375
720,2024,11073.6181640625
721,2024,13838.73046875
722,2024,10429.322265625
723,2024,10429.322265625
724,2024,14092.392578125
725,2024,10808.998046875
726,2024,12742.224609375
727,2024,11372.509765625
728,2024,229.67611694335938
729,2024,8072.33203125
730,2024,5655.869140625
731,2024,5655.869140625
732,2024,7589.24169921875
733,2024,11990.4072265625
734,2024,586.6229858398438
735,2024,586.6229858398438
736,2024,79.52210235595703
737,2024,8397.9638671875
738,2024,393.3020324707031
739,2024,7001.03271484375
740,2024,9387.0546875
741,2024,9387.0546875
742,2024,7001.03271484375
743,2024,12088.3466796875
744,2024,675.6002807617188
745,2024,675.6002807617188
746,2024,675.6002807617188
747,2024,7115.13134765625
748,2024,4876.62060546875
749,2024,4876.62060546875
750,2024,4876.62060546875
751,2024,5541.5693359375
752,2024,556.5716552734375
753,2024,1466.8775634765625
754,2024,556.5716552734375
755,2024,806.7715454101562
756,2024,7310.4501953125
757,2024,484.9374084472656
758,2024,484.9374084472656
759,2024,263.94647216796875
760,2024,182.3622283935547
761,2024,628.401123046875
762,2024,14092.392578125
763,2024,14903.3759765625
764,2024,437.466064453125
765,2024,604.9305419921875
766,2024,113.04563903808594
767,2024,727.0664672851562
768,2024,8559.7431640625
769,2024,8559.7431640625
770,2024,7589.24169921875
771,2024,7307.43017578125
772,2024,7307.43017578125
773,2024,10711.87109375
774,2024,122.108154296875
775,2024,142.37088012695312
776,2024,556.6484985351562
777,2024,4377.3154296875
778,2024,7001.03271484375
779,2024,7001.03271484375
780,2024,11819.9814453125
781,2024,675.6002807617188
782,2024,4876.62060546875
783,2024,4899.6416015625
784,2024,6664.6845703125
785,2024,4768.07275390625
786,2024,4768.07275390625
787,2024,280.3876953125
788,2024,3763.473388671875
789,2024,3301.585205078125
790,2024,363.7972106933594
791,2024,628.401123046875
792,2024,14208.80859375
793,2024,14903.3759765625
794,2024,595.22607421875
795,2024,1737.2191162109375
796,2024,11012.5888671875
797,2024,10860.8798828125
798,2024,3536.50244140625
799,2024,3536.50244140625
800,2024,6434.146484375
801,2024,1337.6512451171875
802,2024,705.3759765625
803,2024,705.3759765625
804,2024,627.9844360351562
805,2024,627.9844360351562
806,2024,2231.642333984375
807,2024,2231.642333984375
808,2024,3637.422119140625
809,2024,12071.7119140625
810,2024,4377.3154296875
811,2024,4377.3154296875
812,2024,1448.1951904296875
813,2024,2737.461181640625
814,2024,13821.4453125
815,2024,13550.6708984375
816,2024,13162.072265625
817,2024,14208.80859375
818,2024,14208.80859375
819,2024,14718.55078125
820,2024,14718.55078125
821,2024,8285.33203125
822,2024,8285.33203125
823,2024,12646.7724609375
824,2024,12646.7724609375
825,2024,8285.33203125
826,2024,11073.6181640625
827,2024,11253.8525390625
828,2024,13821.4453125
829,2024,13821.4453125
830,2024,13821.4453125
831,2024,14718.55078125
832,2024,14718.55078125
833,2024,14718.55078125
834,2024,14208.80859375
835,2024,12630.6064453125
836,2024,12630.6064453125
837,2024,12630.6064453125
838,2024,12630.6064453125
839,2024,12630.6064453125
840,2024,12630.6064453125
841,2024,12630.6064453125
842,2024,11732.955078125
843,2024,5865.2099609375
844,2024,5865.2099609375
845,2024,5865.2099609375
846,2024,5865.2099609375
847,2024,14208.80859375
848,2024,14208.80859375
849,2024,14208.80859375
850,2024,10429.322265625
851,2024,10429.322265625
852,2024,10429.322265625
853,2024,12834.0166015625
854,2024,12834.0166015625
855,2024,12834.0166015625
856,2024,12834.0166015625
857,2024,12834.0166015625
858,2024,10429.322265625
859,2024,7668.72119140625
860,2024,11073.6181640625
861,2024,7997.658203125
862,2024,7997.658203125
863,2024,13461.416015625
864,2024,13461.416015625
865,2024,9951.5517578125
866,2024,9951.5517578125
867,2024,14926.6162109375
868,2024,14903.3759765625
869,2024,14903.3759765625
870,2024,11977.5732421875
871,2024,11455.7548828125
872,2024,6887.69091796875
873,2024,13311.015625
874,2024,13311.015625
875,2024,13311.015625
876,2024,13311.015625
877,2024,13311.015625
878,2024,11012.5888671875
879,2024,12902.3359375
880,2024,11459.0078125
881,2024,9186.3759765625
882,2024,14443.6328125
883,2024,5154.4267578125
884,2024,5154.4267578125
885,2024,12155.0830078125
886,2024,12902.3359375
887,2024,9815.1376953125
888,2024,9815.1376953125
889,2024,9815.1376953125
890,2024,11640.255859375
891,2024,6555.44482421875
892,2024,1041.102294921875
893,2024,10228.126953125
894,2024,14542.138671875
895,2024,4452.00048828125
896,2024,12620.2822265625
897,2024,466.3224792480469
898,2024,5644.46875
899,2024,5644.46875
900,2024,5644.46875
901,2024,5644.46875
902,2024,4452.00048828125
903,2024,13641.5244140625
904,2024,14466.703125
905,2024,12071.7119140625
906,2024,7387.375
907,2024,4569.1953125
908,2024,1831.6114501953125
909,2024,2172.572509765625
910,2024,11073.6181640625
911,2024,14903.3759765625
912,2024,864.18017578125
913,2024,10228.126953125
914,2024,1118.807373046875
915,2024,853.2589721679688
916,2024,416.9413757324219
917,2024,175.53379821777344
918,2024,14903.3759765625
919,2024,7264.64013671875
920,2024,7034.76416015625
921,2024,7034.76416015625
922,2024,7034.76416015625
923,2024,7034.76416015625
924,2024,2018.4764404296875
925,2024,416.9413757324219
926,2024,6784.76611328125
927,2024,1479.9442138671875
928,2024,201.1936492919922
929,2024,6434.146484375
930,2024,11665.65234375
931,2024,1321.5625
932,2024,2018.4764404296875
933,2024,651.8587646484375
0,2025,7202.7265625
1,2025,1928.6934814453125
2,2025,1725.459228515625
3,2025,1066.94482421875
4,2025,1242.8387451171875
5,2025,1056.348876953125
6,2025,7921.98095703125
7,2025,2679.317138671875
8,2025,7726.46240234375
9,2025,7726.46240234375
10,2025,11715.328125
11,2025,8927.66015625
12,2025,2.059699077960886e-10
13,2025,4075.896240234375
14,2025,11280.685546875
15,2025,5426.689453125
16,2025,2673.53076171875
17,2025,306.7414855957031
18,2025,11798.046875
19,2025,388.13134765625
20,2025,18.037805557250977
21,2025,2.8569631576538086
22,2025,500.2024230957031
23,2025,500.2024230957031
24,2025,189.35726928710938
25,2025,14.30030345916748
26,2025,472.6418151855469
27,2025,4073.7294921875
28,2025,1437.443359375
29,2025,1049.520751953125
30,2025,1413.1414794921875
31,2025,1122.834228515625
32,2025,636.9647827148438
33,2025,871.0515747070312
34,2025,753.5772705078125
35,2025,153.06277465820312
36,2025,11154.080078125
37,2025,2550.472900390625
38,2025,581.8311157226562
39,2025,2210.701171875
40,2025,22.04970932006836
41,2025,335.2142639160156
42,2025,593.0484008789062
43,2025,593.0484008789062
44,2025,516.1510620117188
45,2025,121.72779083251953
46,2025,0.17562265694141388
47,2025,519.3789672851562
48,2025,437.7060241699219
49,2025,144.66856384277344
50,2025,-99999.0
51,2025,1763.3145751953125
52,2025,12095.146484375
53,2025,6962.5576171875
54,2025,2300.621337890625
55,2025,11679.1025390625
56,2025,10292.6435546875
57,2025,4624.798828125
58,2025,4624.798828125
59,2025,2646.4052734375
60,2025,1381.068603515625
61,2025,1118.33349609375
62,2025,13889.4755859375
63,2025,1381.068603515625
64,2025,13126.341796875
65,2025,805.6878662109375
66,2025,6879.73779296875
67,2025,434.18609619140625
68,2025,795.68310546875
69,2025,1437.0631103515625
70,2025,430.435302734375
71,2025,1598.9290771484375
72,2025,8523.65625
73,2025,8523.65625
74,2025,1495.0103759765625
75,2025,656.2999267578125
76,2025,3779.644287109375
77,2025,2166.53662109375
78,2025,7549.5791015625
79,2025,12095.146484375
80,2025,13102.3212890625
81,2025,12982.5166015625
82,2025,146.42860412597656
83,2025,701.0128173828125
84,2025,11862.4189453125
85,2025,1393.204833984375
86,2025,15.238125801086426
87,2025,11843.78125
88,2025,1438.29736328125
89,2025,2409.097412109375
90,2025,510.68414306640625
91,2025,643.7938232421875
92,2025,1572.6378173828125
93,2025,6830.4912109375
94,2025,3887.306396484375
95,2025,1119.3426513671875
96,2025,138.3253936767578
97,2025,13715.8720703125
98,2025,10061.7255859375
99,2025,11366.1796875
100,2025,12982.5166015625
101,2025,11280.685546875
102,2025,1758.3153076171875
103,2025,8071.912109375
104,2025,5626.77294921875
105,2025,3610.831298828125
106,2025,2169.164794921875
107,2025,1155.7005615234375
108,2025,11851.0498046875
109,2025,4917.92822265625
110,2025,4917.92822265625
111,2025,566.7678833007812
112,2025,344.5633850097656
113,2025,390.2885437011719
114,2025,390.2885437011719
115,2025,542.869140625
116,2025,542.869140625
117,2025,1042.41015625
118,2025,1151.2626953125
119,2025,1151.2626953125
120,2025,1076.878173828125
121,2025,538.7328491210938
122,2025,125.58042907714844
123,2025,5165.0224609375
124,2025,4343.14111328125
125,2025,1594.1900634765625
126,2025,2563.86962890625
127,2025,2563.86962890625
128,2025,222.27362060546875
129,2025,222.27362060546875
130,2025,138.85499572753906
131,2025,823.4185180664062
132,2025,332.6312561035156
133,2025,867.7029418945312
134,2025,11983.1064453125
135,2025,5134.97802734375
136,2025,10479.189453125
137,2025,1192.23388671875
138,2025,11983.1064453125
139,2025,4454.78125
140,2025,2079.44287109375
141,2025,2079.44287109375
142,2025,481.6374816894531
143,2025,4692.79736328125
144,2025,2938.476806640625
145,2025,7202.7265625
146,2025,605.0829467773438
147,2025,121.48123168945312
148,2025,303.2568054199219
149,2025,1638.0579833984375
150,2025,3984.009765625
151,2025,428.9271545410156
152,2025,4385.30029296875
153,2025,-99999.0
154,2025,484.56982421875
155,2025,1870.9906005859375
156,2025,182.1683807373047
157,2025,386.64483642578125
158,2025,1336.4052734375
159,2025,1122.658203125
160,2025,2027.353271484375
161,2025,1131.7791748046875
162,2025,55.79205322265625
163,2025,3768.616455078125
164,2025,157.16319274902344
165,2025,8.00175952911377
166,2025,85.04485321044922
167,2025,1547.612060546875
168,2025,1776.752197265625
169,2025,367.40814208984375
170,2025,2058.97900390625
171,2025,947.3453369140625
172,2025,41.79917526245117
173,2025,665.7376098632812
174,2025,465.5045166015625
175,2025,5984.619140625
176,2025,12562.3671875
177,2025,11829.14453125
178,2025,1126.450927734375
179,2025,1524.94091796875
180,2025,4432.046875
181,2025,359.0052185058594
182,2025,262.2720642089844
183,2025,503.5843811035156
184,2025,146.1714630126953
185,2025,8848.8427734375
186,2025,3847.308837890625
187,2025,391.8388977050781
188,2025,1539.3984375
189,2025,7622.99658203125
190,2025,7622.99658203125
191,2025,5.614636421203613
192,2025,13521.65234375
193,2025,8852.1962890625
194,2025,2027.353271484375
195,2025,977.6435546875
196,2025,8205.1689453125
197,2025,1444.60595703125
198,2025,324.0287170410156
199,2025,1990.75537109375
200,2025,6031.6806640625
201,2025,1071.767578125
202,2025,5222.52783203125
203,2025,452.34088134765625
204,2025,11297.3447265625
205,2025,3777.587646484375
206,2025,740.720458984375
207,2025,679.7301635742188
208,2025,1121.6181640625
209,2025,2966.743408203125
210,2025,563.8411254882812
211,2025,304.4244384765625
212,2025,10394.861328125
213,2025,583.8035278320312
214,2025,1802.96826171875
215,2025,213.27947998046875
216,2025,545.7626342773438
217,2025,23.358076095581055
218,2025,133.29563903808594
219,2025,824.5640258789062
220,2025,248.88400268554688
221,2025,2843.6669921875
222,2025,1714.6441650390625
223,2025,730.3018188476562
224,2025,732.259033203125
225,2025,930.70654296875
226,2025,4681.36083984375
227,2025,3950.331298828125
228,2025,2913.56201171875
229,2025,8170.62451171875
230,2025,4220.072265625
231,2025,10177.302734375
232,2025,10177.302734375
233,2025,11613.1630859375
234,2025,2411.087158203125
235,2025,3445.861083984375
236,2025,1946.1181640625
237,2025,13172.630859375
238,2025,13172.630859375
239,2025,4189.341796875
240,2025,247.1665802001953
241,2025,440.51171875
242,2025,1946.1181640625
243,2025,1430.5430908203125
244,2025,400.6933288574219
245,2025,694.5509643554688
246,2025,539.1837768554688
247,2025,390.02471923828125
248,2025,62.63303756713867
249,2025,593.6616821289062
250,2025,246.11956787109375
251,2025,118.59385681152344
252,2025,770.7689208984375
253,2025,355.3331604003906
254,2025,1018.6228637695312
255,2025,2156.939697265625
256,2025,1876.51318359375
257,2025,5180.1787109375
258,2025,10305.869140625
259,2025,13017.1708984375
260,2025,13017.1708984375
261,2025,9286.6181640625
262,2025,13238.978515625
263,2025,6242.728515625
264,2025,10479.0234375
265,2025,1067.048095703125
266,2025,7330.4541015625
267,2025,3384.73876953125
268,2025,3924.181884765625
269,2025,99.92567443847656
270,2025,10479.0234375
271,2025,15031.9033203125
272,2025,9134.638671875
273,2025,13546.17578125
274,2025,15006.5654296875
275,2025,13703.13671875
276,2025,13703.13671875
277,2025,13703.13671875
278,2025,13703.13671875
279,2025,10449.05078125
280,2025,10449.05078125
281,2025,5560.720703125
282,2025,2426.487548828125
283,2025,8862.3330078125
284,2025,5560.720703125
285,2025,13277.82421875
286,2025,4270.1357421875
287,2025,9877.9462890625
288,2025,12221.31640625
289,2025,12221.31640625
290,2025,15042.0615234375
291,2025,14620.2861328125
292,2025,4883.857421875
293,2025,4883.857421875
294,2025,2272.94384765625
295,2025,1116.3927001953125
296,2025,9134.638671875
297,2025,10299.3349609375
298,2025,12221.31640625
299,2025,12221.31640625
300,2025,702.1270141601562
301,2025,4345.31005859375
302,2025,1354.7952880859375
303,2025,2673.35595703125
304,2025,7343.748046875
305,2025,4703.7822265625
306,2025,643.5619506835938
307,2025,7343.748046875
308,2025,658.805419921875
309,2025,471.3946228027344
310,2025,16152.669921875
311,2025,11688.8369140625
312,2025,13703.13671875
313,2025,1978.2652587890625
314,2025,9134.638671875
315,2025,13703.13671875
316,2025,6055.8359375
317,2025,13277.82421875
318,2025,13277.82421875
319,2025,13277.82421875
320,2025,10948.09375
321,2025,10948.09375
322,2025,13478.4072265625
323,2025,977.9664916992188
324,2025,13478.4072265625
325,2025,12592.75390625
326,2025,12592.75390625
327,2025,13703.13671875
328,2025,13208.5830078125
329,2025,313.6604919433594
330,2025,13703.13671875
331,2025,13703.13671875
332,2025,13208.5830078125
333,2025,617.5761108398438
334,2025,6082.21728515625
335,2025,12057.404296875
336,2025,3471.087646484375
337,2025,4369.013671875
338,2025,3471.087646484375
339,2025,6942.93798828125
340,2025,471.3946228027344
341,2025,11688.8369140625
342,2025,4703.7822265625
343,2025,6082.21728515625
344,2025,6082.21728515625
345,2025,13221.2197265625
346,2025,9110.677734375
347,2025,4374.2138671875
348,2025,11156.947265625
349,2025,480.2811584472656
350,2025,1593.801025390625
351,2025,1178.364501953125
352,2025,11688.8369140625
353,2025,13221.2197265625
354,2025,4184.88232421875
355,2025,12354.0703125
356,2025,1116.3927001953125
357,2025,8874.9130859375
358,2025,12354.0703125
359,2025,12354.0703125
360,2025,14557.4990234375
361,2025,2958.413330078125
362,2025,543.7001342773438
363,2025,9526.7626953125
364,2025,10859.98828125
365,2025,1105.743896484375
366,2025,13208.5830078125
367,2025,5405.04248046875
368,2025,383.5750427246094
369,2025,13208.5830078125
370,2025,13221.2197265625
371,2025,11034.51171875
372,2025,1116.3927001953125
373,2025,1116.3927001953125
374,2025,759.2852172851562
375,2025,181.58724975585938
376,2025,13208.5830078125
377,2025,13208.5830078125
378,2025,13208.5830078125
379,2025,617.5761108398438
380,2025,3287.94580078125
381,2025,793.552734375
382,2025,374.3274841308594
383,2025,1694.3343505859375
384,2025,9832.2578125
385,2025,9832.2578125
386,2025,284.5849304199219
387,2025,204.62123107910156
388,2025,16152.669921875
389,2025,13703.13671875
390,2025,13546.17578125
391,2025,14151.7041015625
392,2025,14151.7041015625
393,2025,13208.5830078125
394,2025,13208.5830078125
395,2025,3130.98974609375
396,2025,1269.929931640625
397,2025,9267.7998046875
398,2025,11034.51171875
399,2025,12691.388671875
400,2025,12691.388671875
401,2025,7385.46044921875
402,2025,1116.3927001953125
403,2025,643.5619506835938
404,2025,14012.525390625
405,2025,926.3232421875
406,2025,4479.6884765625
407,2025,4479.6884765625
408,2025,111.86422729492188
409,2025,1741.0565185546875
410,2025,9267.7998046875
411,2025,5973.34521484375
412,2025,10557.0078125
413,2025,818.5108642578125
414,2025,1956.8546142578125
415,2025,14151.7041015625
416,2025,15031.9033203125
417,2025,8082.51513671875
418,2025,5973.34521484375
419,2025,4857.63720703125
420,2025,10309.4794921875
421,2025,10309.4794921875
422,2025,10859.98828125
423,2025,10859.98828125
424,2025,9545.609375
425,2025,1603.6357421875
426,2025,369.587158203125
427,2025,344.9013977050781
428,2025,12097.9189453125
429,2025,14506.2216796875
430,2025,1067.488525390625
431,2025,664.7289428710938
432,2025,617.5761108398438
433,2025,13247.7265625
434,2025,3406.43310546875
435,2025,10629.1083984375
436,2025,6285.94580078125
437,2025,639.78125
438,2025,4857.63720703125
439,2025,10309.4794921875
440,2025,11655.357421875
441,2025,20.149112701416016
442,2025,762.3776245117188
443,2025,524.24560546875
444,2025,994.6884765625
445,2025,14163.0869140625
446,2025,14163.0869140625
447,2025,14151.7041015625
448,2025,1563.50634765625
449,2025,518.2278442382812
450,2025,8082.51513671875
451,2025,8082.51513671875
452,2025,12094.1923828125
453,2025,12094.7099609375
454,2025,12826.4375
455,2025,10309.4794921875
456,2025,11655.357421875
457,2025,6687.53271484375
458,2025,248.5762481689453
459,2025,138.89340209960938
460,2025,5235.22900390625
461,2025,14163.0869140625
462,2025,10767.5869140625
463,2025,13148.001953125
464,2025,13148.001953125
465,2025,6997.97705078125
466,2025,200.25588989257812
467,2025,4857.63720703125
468,2025,4857.63720703125
469,2025,6304.462890625
470,2025,109.4374771118164
471,2025,482.9797668457031
472,2025,13646.501953125
473,2025,12712.271484375
474,2025,13703.13671875
475,2025,13208.5830078125
476,2025,13148.001953125
477,2025,8745.9775390625
478,2025,4857.63720703125
479,2025,12575.9443359375
480,2025,11655.357421875
481,2025,1746.864013671875
482,2025,81.6712646484375
483,2025,12354.0703125
484,2025,13208.5830078125
485,2025,13208.5830078125
486,2025,12527.927734375
487,2025,8913.3779296875
488,2025,8913.3779296875
489,2025,178.30868530273438
490,2025,4857.63720703125
491,2025,377.2863464355469
492,2025,14163.0869140625
493,2025,12592.75390625
494,2025,12592.75390625
495,2025,12527.927734375
496,2025,4857.63720703125
497,2025,6304.462890625
498,2025,9233.9365234375
499,2025,191.45932006835938
500,2025,77.63158416748047
501,2025,8371.765625
502,2025,1429.1273193359375
503,2025,13713.1376953125
504,2025,13713.1376953125
505,2025,1371.9525146484375
506,2025,1687.296630859375
507,2025,11877.5185546875
508,2025,11877.5185546875
509,2025,11745.8212890625
510,2025,11745.8212890625
511,2025,12527.927734375
512,2025,9233.9365234375
513,2025,4857.63720703125
514,2025,482.9573669433594
515,2025,13377.86328125
516,2025,3850.172607421875
517,2025,1315.3626708984375
518,2025,13713.1376953125
519,2025,12592.75390625
520,2025,47.26412582397461
521,2025,1570.9981689453125
522,2025,467.906005859375
523,2025,1359.5059814453125
524,2025,214.94065856933594
525,2025,4857.63720703125
526,2025,12916.01953125
527,2025,13703.13671875
528,2025,13703.13671875
529,2025,2528.372802734375
530,2025,9166.1611328125
531,2025,12826.4375
532,2025,4275.7724609375
533,2025,10466.958984375
534,2025,8493.5830078125
535,2025,11655.357421875
536,2025,12712.271484375
537,2025,13713.1376953125
538,2025,13086.1767578125
539,2025,12592.75390625
540,2025,188.70484924316406
541,2025,12826.4375
542,2025,12244.1025390625
543,2025,10466.958984375
544,2025,14637.775390625
545,2025,14637.775390625
546,2025,14637.775390625
547,2025,12575.9443359375
548,2025,10728.59765625
549,2025,12712.271484375
550,2025,12916.01953125
551,2025,13727.6806640625
552,2025,12244.1025390625
553,2025,1210.839111328125
554,2025,10466.958984375
555,2025,10309.4794921875
556,2025,13713.1376953125
557,2025,173.11602783203125
558,2025,11196.587890625
559,2025,14984.37890625
560,2025,13394.7255859375
561,2025,13394.7255859375
562,2025,13394.7255859375
563,2025,14984.37890625
564,2025,128.02073669433594
565,2025,11196.587890625
566,2025,13894.173828125
567,2025,12692.978515625
568,2025,1481.423095703125
569,2025,1073.4996337890625
570,2025,219.8936309814453
571,2025,94.17779541015625
572,2025,569.677490234375
573,2025,1749.6981201171875
574,2025,795.625244140625
575,2025,1010.6061401367188
576,2025,148.1956787109375
577,2025,13005.6650390625
578,2025,13005.6650390625
579,2025,8880.2373046875
580,2025,8880.2373046875
581,2025,13894.173828125
582,2025,13894.173828125
583,2025,13894.173828125
584,2025,11196.587890625
585,2025,12592.75390625
586,2025,289.72784423828125
587,2025,440.2684020996094
588,2025,504.8237609863281
589,2025,10278.8857421875
590,2025,8787.4658203125
591,2025,12244.1025390625
592,2025,8286.4130859375
593,2025,8286.4130859375
594,2025,8286.4130859375
595,2025,9343.1689453125
596,2025,9343.1689453125
597,2025,1306.392822265625
598,2025,3032.522216796875
599,2025,664.8553466796875
600,2025,2767.188232421875
601,2025,3897.64794921875
602,2025,694.95361328125
603,2025,460.07110595703125
604,2025,1592.796142578125
605,2025,1577.748291015625
606,2025,157.05450439453125
607,2025,383.5750427246094
608,2025,6949.3544921875
609,2025,9607.703125
610,2025,9607.703125
611,2025,12368.3486328125
612,2025,10484.015625
613,2025,13005.6650390625
614,2025,13005.6650390625
615,2025,13894.173828125
616,2025,898.6812744140625
617,2025,12527.927734375
618,2025,11650.482421875
619,2025,8280.9013671875
620,2025,9343.1689453125
621,2025,13713.1376953125
622,2025,180.30918884277344
623,2025,108.941162109375
624,2025,108.941162109375
625,2025,2406.709228515625
626,2025,2423.9599609375
627,2025,176.8388214111328
628,2025,1554.941162109375
629,2025,24.162614822387695
630,2025,384.3985900878906
631,2025,555.8963623046875
632,2025,1758.780029296875
633,2025,1288.783447265625
634,2025,643.5619506835938
635,2025,2134.8525390625
636,2025,10484.015625
637,2025,13005.6650390625
638,2025,11950.8515625
639,2025,11367.3876953125
640,2025,11950.8515625
641,2025,12527.927734375
642,2025,12527.927734375
643,2025,11467.701171875
644,2025,9436.330078125
645,2025,9436.330078125
646,2025,36.055397033691406
647,2025,-99999.0
648,2025,712.15673828125
649,2025,9526.7626953125
650,2025,13394.7255859375
651,2025,13394.7255859375
652,2025,9343.1689453125
653,2025,1950.8116455078125
654,2025,7400.0419921875
655,2025,4255.31396484375
656,2025,867.2488403320312
657,2025,67.5644302368164
658,2025,171.3355255126953
659,2025,336.08050537109375
660,2025,1308.361572265625
661,2025,990.3279418945312
662,2025,1041.0616455078125
663,2025,8382.951171875
664,2025,1745.6439208984375
665,2025,1745.6439208984375
666,2025,13626.8544921875
667,2025,13626.8544921875
668,2025,14280.0048828125
669,2025,13005.6650390625
670,2025,13005.6650390625
671,2025,8270.4501953125
672,2025,12809.7080078125
673,2025,13894.173828125
674,2025,13894.173828125
675,2025,12916.01953125
676,2025,633.936767578125
677,2025,5274.689453125
678,2025,4104.11328125
679,2025,13012.56640625
680,2025,13012.56640625
681,2025,13012.56640625
682,2025,12794.5185546875
683,2025,3465.584228515625
684,2025,4104.11328125
685,2025,3130.98974609375
686,2025,3130.98974609375
687,2025,8905.4765625
688,2025,9110.677734375
689,2025,12057.404296875
690,2025,12057.404296875
691,2025,799.6936645507812
692,2025,121.64266204833984
693,2025,696.03515625
694,2025,594.3309326171875
695,2025,8232.087890625
696,2025,8232.087890625
697,2025,10517.1181640625
698,2025,14557.4990234375
699,2025,12221.31640625
700,2025,7127.87353515625
701,2025,7400.0419921875
702,2025,2774.438720703125
703,2025,2774.438720703125
704,2025,11104.9150390625
705,2025,11104.9150390625
706,2025,8232.087890625
707,2025,3945.8330078125
708,2025,9603.4736328125
709,2025,990.3279418945312
710,2025,508.3216857910156
711,2025,1745.6439208984375
712,2025,1745.6439208984375
713,2025,1745.6439208984375
714,2025,1745.6439208984375
715,2025,2275.394287109375
716,2025,2275.394287109375
717,2025,200.38963317871094
718,2025,200.38963317871094
719,2025,2243.428466796875
720,2025,11134.166015625
721,2025,13909.919921875
722,2025,10484.015625
723,2025,10484.015625
724,2025,14166.7578125
725,2025,10859.9833984375
726,2025,12809.7080078125
727,2025,11428.6005859375
728,2025,230.61639404296875
729,2025,8113.6259765625
730,2025,5687.97998046875
731,2025,5687.97998046875
732,2025,7630.77490234375
733,2025,12057.404296875
734,2025,594.3309326171875
735,2025,594.3309326171875
736,2025,79.79199981689453
737,2025,8449.9111328125
738,2025,396.7508850097656
739,2025,7040.419921875
740,2025,9441.3173828125
741,2025,9441.3173828125
742,2025,7040.419921875
743,2025,12153.7041015625
744,2025,682.6055908203125
745,2025,682.6055908203125
746,2025,682.6055908203125
747,2025,7152.59130859375
748,2025,4908.35498046875
749,2025,4908.35498046875
750,2025,4908.35498046875
751,2025,5579.92529296875
752,2025,562.2464599609375
753,2025,1478.98681640625
754,2025,562.2464599609375
755,2025,813.5215454101562
756,2025,7355.17822265625
757,2025,489.7686767578125
758,2025,489.7686767578125
759,2025,265.4701843261719
760,2025,183.35910034179688
761,2025,633.6669921875
762,2025,14166.7578125
763,2025,14984.37890625
764,2025,440.7931213378906
765,2025,609.7914428710938
766,2025,113.94719696044922
767,2025,732.0564575195312
768,2025,8607.48828125
769,2025,8607.48828125
770,2025,7630.77490234375
771,2025,7343.748046875
772,2025,7343.748046875
773,2025,10777.6259765625
774,2025,122.32721710205078
775,2025,142.60928344726562
776,2025,559.125244140625
777,2025,4410.916015625
778,2025,7040.419921875
779,2025,7040.419921875
780,2025,11877.9228515625
781,2025,682.6055908203125
782,2025,4908.35498046875
783,2025,4930.0498046875
784,2025,6704.6728515625
785,2025,4808.392578125
786,2025,4808.392578125
787,2025,283.100341796875
788,2025,3788.079345703125
789,2025,3322.7392578125
790,2025,366.7320861816406
791,2025,633.6669921875
792,2025,14280.0048828125
793,2025,14984.37890625
794,2025,599.3742065429688
795,2025,1754.8802490234375
796,2025,11066.0986328125
797,2025,10919.427734375
798,2025,3556.05078125
799,2025,3556.05078125
800,2025,6474.25927734375
801,2025,1344.123291015625
802,2025,712.15673828125
803,2025,712.15673828125
804,2025,631.7183837890625
805,2025,631.7183837890625
806,2025,2245.595458984375
807,2025,2245.595458984375
808,2025,3658.484130859375
809,2025,12140.2333984375
810,2025,4410.916015625
811,2025,4410.916015625
812,2025,1456.814208984375
813,2025,2757.823974609375
814,2025,13894.173828125
815,2025,13626.8544921875
816,2025,13229.7783203125
817,2025,14280.0048828125
818,2025,14280.0048828125
819,2025,14794.767578125
820,2025,14794.767578125
821,2025,8328.4501953125
822,2025,8328.4501953125
823,2025,12711.3583984375
824,2025,12711.3583984375
825,2025,8328.4501953125
826,2025,11134.166015625
827,2025,11315.4130859375
828,2025,13894.173828125
829,2025,13894.173828125
830,2025,13894.173828125
831,2025,14794.767578125
832,2025,14794.767578125
833,2025,14794.767578125
834,2025,14280.0048828125
835,2025,12701.4404296875
836,2025,12701.4404296875
837,2025,12701.4404296875
838,2025,12701.4404296875
839,2025,12701.4404296875
840,2025,12701.4404296875
841,2025,12701.4404296875
842,2025,11798.2001953125
843,2025,5894.63525390625
844,2025,5894.63525390625
845,2025,5894.63525390625
846,2025,5894.63525390625
847,2025,14280.0048828125
848,2025,14280.0048828125
849,2025,14280.0048828125
850,2025,10484.015625
851,2025,10484.015625
852,2025,10484.015625
853,2025,12900.1357421875
854,2025,12900.1357421875
855,2025,12900.1357421875
856,2025,12900.1357421875
857,2025,12900.1357421875
858,2025,10484.015625
859,2025,7706.11962890625
860,2025,11134.166015625
861,2025,8035.7421875
862,2025,8035.7421875
863,2025,13528.927734375
864,2025,13528.927734375
865,2025,10009.2509765625
866,2025,10009.2509765625
867,2025,15006.5654296875
868,2025,14984.37890625
869,2025,14984.37890625
870,2025,12039.25390625
871,2025,11516.359375
872,2025,6931.98779296875
873,2025,13375.7001953125
874,2025,13375.7001953125
875,2025,13375.7001953125
876,2025,13375.7001953125
877,2025,13375.7001953125
878,2025,11066.0986328125
879,2025,12971.1474609375
880,2025,11519.4365234375
881,2025,9244.146484375
882,2025,14522.4296875
883,2025,5179.4619140625
884,2025,5179.4619140625
885,2025,12216.1181640625
886,2025,12971.1474609375
887,2025,9863.1259765625
888,2025,9863.1259765625
889,2025,9863.1259765625
890,2025,11701.580078125
891,2025,6591.42626953125
892,2025,1050.9755859375
893,2025,10282.3330078125
894,2025,14620.2861328125
895,2025,4479.6884765625
896,2025,12691.388671875
897,2025,468.5303039550781
898,2025,5677.17724609375
899,2025,5677.17724609375
900,2025,5677.17724609375
901,2025,5677.17724609375
902,2025,4479.6884765625
903,2025,13713.1376953125
904,2025,14546.330078125
905,2025,12140.2333984375
906,2025,7433.32958984375
907,2025,4598.1083984375
908,2025,1845.62451171875
909,2025,2186.369140625
910,2025,11134.166015625
911,2025,14984.37890625
912,2025,873.411865234375
913,2025,10282.3330078125
914,2025,1133.2506103515625
915,2025,862.9849853515625
916,2025,421.74456787109375
917,2025,176.8388214111328
918,2025,14984.37890625
919,2025,7307.76953125
920,2025,7073.34033203125
921,2025,7073.34033203125
922,2025,7073.34033203125
923,2025,7073.34033203125
924,2025,2035.5867919921875
925,2025,421.74456787109375
926,2025,6823.07861328125
927,2025,1488.3143310546875
928,2025,203.2552032470703
929,2025,6474.25927734375
930,2025,11728.0126953125
931,2025,1334.352783203125
932,2025,2035.5867919921875
933,2025,656.2999267578125
