node_id,amenity_count,shop_count,tourism_count,fuel_count,healthcare_count,education_count
0,27.0,8.0,0.0,4.0,4.0,1.0
1,8.0,0.0,0.0,0.0,1.0,0.0
2,2.0,0.0,0.0,0.0,1.0,0.0
3,12.0,3.0,0.0,0.0,3.0,0.0
4,4.0,0.0,0.0,0.0,0.0,0.0
5,11.0,1.0,0.0,0.0,2.0,0.0
6,44.0,0.0,0.0,0.0,11.0,5.0
7,9.0,0.0,0.0,0.0,5.0,0.0
8,27.0,0.0,0.0,0.0,9.0,2.0
9,27.0,0.0,0.0,0.0,9.0,2.0
10,91.0,26.0,0.0,0.0,33.0,5.0
11,37.0,0.0,0.0,0.0,12.0,1.0
12,0.0,0.0,0.0,0.0,0.0,0.0
13,7.0,0.0,0.0,2.0,1.0,1.0
14,54.0,3.0,3.0,4.0,10.0,5.0
15,8.0,0.0,1.0,2.0,0.0,0.0
16,8.0,0.0,0.0,0.0,3.0,1.0
17,1.0,0.0,0.0,0.0,0.0,0.0
18,15.0,3.0,0.0,0.0,3.0,0.0
19,0.0,0.0,0.0,0.0,0.0,0.0
20,0.0,0.0,0.0,0.0,0.0,0.0
21,1.0,0.0,0.0,0.0,0.0,0.0
22,1.0,0.0,0.0,0.0,1.0,0.0
23,1.0,0.0,0.0,0.0,1.0,0.0
24,0.0,0.0,0.0,0.0,0.0,0.0
25,0.0,0.0,0.0,0.0,0.0,0.0
26,2.0,0.0,0.0,0.0,0.0,2.0
27,35.0,7.0,3.0,4.0,3.0,4.0
28,4.0,0.0,0.0,0.0,1.0,0.0
29,4.0,0.0,0.0,0.0,0.0,1.0
30,10.0,1.0,0.0,1.0,0.0,0.0
31,1.0,0.0,0.0,0.0,0.0,0.0
32,12.0,0.0,0.0,0.0,4.0,1.0
33,0.0,0.0,0.0,0.0,0.0,0.0
34,2.0,0.0,0.0,0.0,1.0,0.0
35,0.0,0.0,0.0,0.0,0.0,0.0
36,45.0,12.0,6.0,1.0,13.0,3.0
37,8.0,0.0,0.0,0.0,2.0,0.0
38,0.0,0.0,0.0,0.0,0.0,0.0
39,1.0,0.0,0.0,0.0,0.0,0.0
40,0.0,0.0,0.0,0.0,0.0,0.0
41,2.0,0.0,0.0,0.0,0.0,0.0
42,0.0,0.0,0.0,0.0,0.0,0.0
43,0.0,0.0,0.0,0.0,0.0,0.0
44,0.0,0.0,0.0,0.0,0.0,0.0
45,0.0,0.0,0.0,0.0,0.0,0.0
46,0.0,0.0,0.0,0.0,0.0,0.0
47,1.0,0.0,0.0,0.0,0.0,0.0
48,0.0,0.0,0.0,0.0,0.0,0.0
49,1.0,0.0,0.0,0.0,1.0,0.0
50,1.0,0.0,0.0,0.0,0.0,0.0
51,5.0,0.0,0.0,2.0,0.0,0.0
52,27.0,5.0,3.0,1.0,2.0,0.0
53,16.0,1.0,1.0,0.0,1.0,2.0
54,1.0,0.0,0.0,0.0,0.0,0.0
55,20.0,2.0,1.0,0.0,11.0,0.0
56,15.0,0.0,0.0,1.0,6.0,0.0
57,2.0,0.0,0.0,0.0,0.0,0.0
58,2.0,0.0,0.0,0.0,0.0,0.0
59,1.0,0.0,0.0,0.0,1.0,0.0
60,1.0,0.0,0.0,0.0,0.0,0.0
61,0.0,0.0,0.0,0.0,0.0,0.0
62,29.0,0.0,0.0,0.0,15.0,0.0
63,1.0,0.0,0.0,0.0,0.0,0.0
64,48.0,7.0,4.0,2.0,2.0,2.0
65,0.0,0.0,0.0,0.0,0.0,0.0
66,3.0,0.0,1.0,0.0,1.0,0.0
67,0.0,0.0,0.0,0.0,0.0,0.0
68,3.0,0.0,0.0,0.0,0.0,0.0
69,0.0,0.0,0.0,0.0,0.0,0.0
70,9.0,0.0,0.0,0.0,4.0,0.0
71,6.0,4.0,0.0,0.0,1.0,0.0
72,59.0,9.0,0.0,0.0,15.0,11.0
73,58.0,9.0,0.0,0.0,15.0,11.0
74,5.0,0.0,0.0,1.0,3.0,0.0
75,2.0,0.0,0.0,0.0,0.0,0.0
76,2.0,0.0,0.0,0.0,0.0,0.0
77,5.0,0.0,0.0,1.0,2.0,0.0
78,38.0,5.0,0.0,1.0,10.0,4.0
79,13.0,3.0,2.0,0.0,1.0,0.0
80,225.0,79.0,6.0,1.0,53.0,30.0
81,392.0,147.0,18.0,3.0,131.0,32.0
82,2.0,0.0,0.0,0.0,0.0,0.0
83,1.0,0.0,0.0,0.0,0.0,0.0
84,58.0,9.0,4.0,1.0,5.0,8.0
85,6.0,0.0,0.0,0.0,2.0,0.0
86,2.0,0.0,0.0,0.0,0.0,0.0
87,92.0,51.0,12.0,4.0,3.0,20.0
88,0.0,2.0,0.0,0.0,0.0,0.0
89,18.0,0.0,0.0,10.0,0.0,3.0
90,1.0,0.0,0.0,0.0,1.0,0.0
91,3.0,0.0,0.0,0.0,0.0,0.0
92,0.0,0.0,0.0,0.0,0.0,0.0
93,51.0,21.0,1.0,1.0,3.0,6.0
94,10.0,0.0,0.0,0.0,3.0,0.0
95,2.0,0.0,0.0,0.0,0.0,0.0
96,0.0,0.0,0.0,0.0,0.0,0.0
97,345.0,127.0,11.0,7.0,99.0,26.0
98,47.0,14.0,0.0,2.0,10.0,2.0
99,121.0,22.0,7.0,4.0,20.0,5.0
100,397.0,146.0,18.0,3.0,131.0,33.0
101,50.0,3.0,3.0,4.0,10.0,4.0
102,12.0,5.0,0.0,1.0,0.0,2.0
103,37.0,3.0,1.0,1.0,7.0,3.0
104,7.0,1.0,0.0,1.0,1.0,0.0
105,9.0,0.0,0.0,1.0,0.0,2.0
106,6.0,0.0,0.0,0.0,0.0,0.0
107,2.0,0.0,0.0,0.0,0.0,0.0
108,80.0,29.0,1.0,0.0,6.0,8.0
109,16.0,0.0,0.0,9.0,0.0,2.0
110,16.0,0.0,0.0,9.0,0.0,2.0
111,4.0,0.0,0.0,1.0,0.0,0.0
112,4.0,0.0,1.0,0.0,1.0,3.0
113,0.0,0.0,0.0,0.0,0.0,0.0
114,0.0,0.0,0.0,0.0,0.0,0.0
115,3.0,0.0,0.0,1.0,0.0,0.0
116,3.0,0.0,0.0,1.0,0.0,0.0
117,1.0,0.0,0.0,0.0,0.0,0.0
118,2.0,0.0,0.0,1.0,0.0,0.0
119,2.0,0.0,0.0,1.0,0.0,0.0
120,3.0,0.0,0.0,0.0,0.0,0.0
121,2.0,0.0,0.0,0.0,0.0,0.0
122,1.0,0.0,0.0,0.0,0.0,0.0
123,13.0,0.0,0.0,0.0,3.0,0.0
124,6.0,0.0,0.0,0.0,3.0,0.0
125,4.0,0.0,0.0,0.0,1.0,0.0
126,2.0,0.0,0.0,0.0,1.0,0.0
127,2.0,0.0,0.0,0.0,1.0,0.0
128,2.0,0.0,0.0,0.0,0.0,0.0
129,2.0,0.0,0.0,0.0,0.0,0.0
130,1.0,0.0,0.0,0.0,0.0,0.0
131,1.0,0.0,0.0,0.0,0.0,0.0
132,3.0,0.0,0.0,0.0,1.0,1.0
133,3.0,0.0,0.0,0.0,1.0,0.0
134,100.0,22.0,2.0,2.0,27.0,3.0
135,5.0,0.0,2.0,0.0,0.0,0.0
136,27.0,3.0,0.0,0.0,11.0,1.0
137,1.0,0.0,0.0,0.0,0.0,0.0
138,124.0,33.0,4.0,2.0,37.0,6.0
139,12.0,5.0,0.0,1.0,4.0,0.0
140,2.0,0.0,0.0,0.0,0.0,0.0
141,2.0,0.0,0.0,0.0,0.0,0.0
142,0.0,0.0,0.0,0.0,0.0,0.0
143,10.0,1.0,0.0,1.0,1.0,0.0
144,6.0,0.0,0.0,0.0,2.0,0.0
145,27.0,8.0,0.0,4.0,4.0,1.0
146,5.0,0.0,0.0,0.0,0.0,1.0
147,0.0,0.0,0.0,0.0,0.0,0.0
148,0.0,0.0,0.0,0.0,0.0,0.0
149,9.0,0.0,0.0,0.0,2.0,0.0
150,12.0,3.0,0.0,0.0,0.0,1.0
151,3.0,0.0,0.0,1.0,1.0,0.0
152,30.0,2.0,0.0,1.0,11.0,1.0
153,0.0,0.0,0.0,0.0,0.0,0.0
154,5.0,0.0,0.0,0.0,1.0,0.0
155,0.0,0.0,0.0,0.0,0.0,0.0
156,2.0,0.0,0.0,0.0,2.0,0.0
157,0.0,0.0,0.0,0.0,0.0,0.0
158,1.0,0.0,0.0,0.0,0.0,0.0
159,1.0,0.0,0.0,0.0,0.0,0.0
160,0.0,0.0,0.0,0.0,0.0,0.0
161,1.0,0.0,0.0,0.0,0.0,0.0
162,2.0,0.0,0.0,0.0,0.0,0.0
163,10.0,0.0,0.0,0.0,1.0,0.0
164,1.0,0.0,0.0,0.0,0.0,0.0
165,0.0,0.0,0.0,0.0,0.0,0.0
166,0.0,0.0,0.0,0.0,0.0,0.0
167,1.0,0.0,0.0,0.0,0.0,0.0
168,1.0,0.0,0.0,0.0,0.0,0.0
169,2.0,0.0,0.0,0.0,0.0,0.0
170,4.0,0.0,0.0,0.0,1.0,0.0
171,3.0,0.0,0.0,0.0,1.0,0.0
172,2.0,0.0,0.0,0.0,0.0,0.0
173,0.0,0.0,0.0,0.0,0.0,0.0
174,1.0,0.0,0.0,0.0,0.0,0.0
175,4.0,0.0,0.0,0.0,1.0,0.0
176,36.0,2.0,0.0,2.0,5.0,1.0
177,42.0,7.0,1.0,1.0,4.0,4.0
178,3.0,0.0,0.0,0.0,0.0,0.0
179,3.0,0.0,0.0,0.0,1.0,0.0
180,2.0,1.0,0.0,0.0,0.0,0.0
181,1.0,0.0,0.0,0.0,0.0,0.0
182,2.0,0.0,0.0,0.0,0.0,0.0
183,0.0,0.0,0.0,0.0,0.0,0.0
184,0.0,0.0,0.0,0.0,0.0,0.0
185,21.0,1.0,0.0,0.0,2.0,0.0
186,21.0,0.0,0.0,1.0,5.0,1.0
187,8.0,0.0,0.0,2.0,2.0,0.0
188,0.0,0.0,0.0,0.0,0.0,0.0
189,2.0,2.0,0.0,0.0,0.0,1.0
190,2.0,2.0,0.0,0.0,0.0,1.0
191,0.0,0.0,0.0,0.0,0.0,0.0
192,139.0,58.0,5.0,1.0,67.0,2.0
193,9.0,0.0,0.0,0.0,2.0,0.0
194,1.0,0.0,0.0,0.0,0.0,0.0
195,2.0,0.0,0.0,0.0,1.0,0.0
196,29.0,2.0,0.0,0.0,12.0,2.0
197,5.0,0.0,0.0,0.0,2.0,0.0
198,0.0,0.0,0.0,0.0,0.0,0.0
199,7.0,1.0,0.0,0.0,1.0,0.0
200,9.0,3.0,0.0,0.0,1.0,0.0
201,2.0,0.0,0.0,0.0,0.0,0.0
202,8.0,0.0,0.0,0.0,0.0,0.0
203,0.0,0.0,0.0,0.0,0.0,0.0
204,24.0,7.0,1.0,1.0,2.0,2.0
205,1.0,2.0,0.0,0.0,0.0,0.0
206,0.0,0.0,0.0,0.0,0.0,0.0
207,0.0,0.0,0.0,0.0,0.0,0.0
208,2.0,0.0,0.0,0.0,1.0,0.0
209,0.0,0.0,0.0,0.0,0.0,0.0
210,2.0,0.0,0.0,0.0,0.0,0.0
211,0.0,0.0,0.0,0.0,0.0,0.0
212,24.0,5.0,1.0,1.0,5.0,6.0
213,0.0,0.0,0.0,0.0,0.0,0.0
214,5.0,0.0,0.0,0.0,0.0,1.0
215,0.0,0.0,0.0,0.0,0.0,0.0
216,0.0,0.0,0.0,0.0,0.0,0.0
217,0.0,0.0,0.0,0.0,0.0,0.0
218,1.0,0.0,0.0,0.0,0.0,0.0
219,13.0,0.0,0.0,1.0,3.0,1.0
220,0.0,0.0,0.0,0.0,0.0,0.0
221,17.0,1.0,0.0,0.0,7.0,0.0
222,3.0,0.0,0.0,2.0,0.0,0.0
223,0.0,0.0,0.0,0.0,0.0,0.0
224,3.0,0.0,0.0,0.0,0.0,0.0
225,0.0,0.0,0.0,0.0,0.0,0.0
226,4.0,0.0,0.0,2.0,0.0,0.0
227,12.0,0.0,0.0,0.0,3.0,0.0
228,3.0,0.0,0.0,0.0,0.0,2.0
229,4.0,0.0,0.0,1.0,0.0,0.0
230,2.0,0.0,0.0,0.0,0.0,0.0
231,50.0,10.0,2.0,2.0,1.0,3.0
232,50.0,10.0,2.0,2.0,1.0,3.0
233,75.0,33.0,5.0,4.0,17.0,9.0
234,5.0,0.0,0.0,0.0,1.0,0.0
235,97.0,19.0,2.0,4.0,19.0,9.0
236,5.0,0.0,0.0,0.0,0.0,0.0
237,44.0,6.0,1.0,1.0,6.0,0.0
238,92.0,21.0,7.0,3.0,17.0,1.0
239,91.0,8.0,3.0,0.0,55.0,6.0
240,0.0,2.0,0.0,0.0,0.0,0.0
241,1.0,0.0,0.0,0.0,0.0,0.0
242,5.0,0.0,0.0,0.0,0.0,0.0
243,1.0,0.0,0.0,0.0,0.0,0.0
244,1.0,0.0,0.0,0.0,0.0,0.0
245,11.0,5.0,0.0,0.0,0.0,2.0
246,1.0,0.0,0.0,0.0,0.0,1.0
247,1.0,0.0,0.0,0.0,0.0,0.0
248,0.0,0.0,0.0,0.0,0.0,0.0
249,0.0,0.0,0.0,0.0,0.0,0.0
250,1.0,0.0,0.0,0.0,0.0,0.0
251,0.0,0.0,0.0,0.0,0.0,0.0
252,0.0,0.0,0.0,0.0,0.0,0.0
253,1.0,0.0,0.0,0.0,1.0,0.0
254,0.0,0.0,0.0,0.0,0.0,0.0
255,1.0,0.0,0.0,0.0,0.0,0.0
256,6.0,0.0,0.0,0.0,3.0,0.0
257,21.0,1.0,0.0,0.0,2.0,2.0
258,26.0,7.0,0.0,0.0,7.0,1.0
259,96.0,33.0,8.0,4.0,31.0,10.0
260,96.0,33.0,8.0,4.0,31.0,10.0
261,37.0,4.0,1.0,0.0,5.0,1.0
262,94.0,21.0,10.0,4.0,13.0,1.0
263,6.0,4.0,0.0,2.0,0.0,1.0
264,91.0,12.0,3.0,4.0,18.0,12.0
265,3.0,0.0,0.0,0.0,0.0,0.0
266,6.0,5.0,0.0,2.0,0.0,1.0
267,18.0,2.0,1.0,2.0,1.0,0.0
268,26.0,1.0,1.0,1.0,10.0,0.0
269,0.0,0.0,0.0,0.0,0.0,0.0
270,44.0,5.0,4.0,5.0,11.0,8.0
271,123.0,39.0,17.0,7.0,24.0,13.0
272,142.0,48.0,9.0,7.0,16.0,13.0
273,67.0,17.0,7.0,3.0,10.0,0.0
274,83.0,12.0,2.0,3.0,16.0,6.0
275,127.0,84.0,20.0,4.0,29.0,12.0
276,127.0,84.0,20.0,4.0,29.0,12.0
277,127.0,84.0,20.0,4.0,29.0,12.0
278,127.0,84.0,20.0,4.0,29.0,12.0
279,45.0,5.0,4.0,1.0,9.0,7.0
280,45.0,5.0,4.0,1.0,9.0,7.0
281,7.0,0.0,0.0,1.0,0.0,0.0
282,3.0,0.0,0.0,0.0,0.0,3.0
283,8.0,4.0,0.0,0.0,2.0,0.0
284,8.0,0.0,0.0,1.0,0.0,4.0
285,233.0,98.0,59.0,0.0,15.0,14.0
286,3.0,0.0,0.0,1.0,0.0,1.0
287,18.0,1.0,0.0,1.0,4.0,1.0
288,57.0,27.0,1.0,4.0,8.0,2.0
289,57.0,27.0,1.0,4.0,8.0,2.0
290,25.0,8.0,0.0,5.0,3.0,1.0
291,69.0,27.0,1.0,8.0,11.0,1.0
292,10.0,0.0,0.0,0.0,0.0,2.0
293,10.0,0.0,0.0,0.0,0.0,2.0
294,0.0,0.0,0.0,0.0,0.0,0.0
295,2.0,0.0,0.0,1.0,0.0,0.0
296,137.0,46.0,9.0,7.0,16.0,12.0
297,258.0,122.0,54.0,1.0,9.0,23.0
298,57.0,27.0,1.0,4.0,8.0,2.0
299,57.0,27.0,1.0,4.0,8.0,2.0
300,1.0,0.0,0.0,1.0,0.0,0.0
301,7.0,1.0,1.0,1.0,1.0,1.0
302,1.0,0.0,0.0,1.0,0.0,0.0
303,9.0,3.0,0.0,2.0,1.0,0.0
304,77.0,35.0,3.0,1.0,8.0,6.0
305,37.0,0.0,4.0,0.0,3.0,6.0
306,2.0,0.0,0.0,2.0,0.0,0.0
307,77.0,35.0,3.0,1.0,8.0,6.0
308,2.0,0.0,1.0,1.0,1.0,0.0
309,3.0,0.0,0.0,0.0,0.0,0.0
310,136.0,47.0,11.0,4.0,23.0,22.0
311,13.0,2.0,0.0,3.0,5.0,2.0
312,127.0,84.0,20.0,4.0,29.0,12.0
313,0.0,0.0,0.0,0.0,0.0,0.0
314,137.0,46.0,9.0,7.0,16.0,12.0
315,127.0,84.0,20.0,4.0,29.0,12.0
316,5.0,0.0,0.0,0.0,1.0,0.0
317,269.0,86.0,57.0,0.0,17.0,15.0
318,269.0,86.0,57.0,0.0,17.0,15.0
319,269.0,86.0,57.0,0.0,17.0,15.0
320,58.0,13.0,2.0,5.0,13.0,10.0
321,58.0,13.0,2.0,5.0,13.0,10.0
322,164.0,53.0,12.0,9.0,24.0,13.0
323,3.0,0.0,0.0,0.0,0.0,0.0
324,164.0,53.0,12.0,9.0,24.0,13.0
325,147.0,30.0,9.0,6.0,25.0,11.0
326,147.0,30.0,9.0,6.0,25.0,11.0
327,127.0,84.0,20.0,4.0,29.0,12.0
328,128.0,26.0,9.0,6.0,26.0,11.0
329,0.0,0.0,0.0,0.0,0.0,0.0
330,140.0,84.0,21.0,5.0,27.0,21.0
331,127.0,84.0,20.0,4.0,29.0,12.0
332,128.0,26.0,9.0,6.0,26.0,11.0
333,1.0,0.0,0.0,0.0,0.0,0.0
334,75.0,33.0,4.0,1.0,8.0,6.0
335,66.0,20.0,8.0,1.0,14.0,16.0
336,1.0,0.0,0.0,0.0,0.0,0.0
337,0.0,0.0,0.0,0.0,0.0,0.0
338,1.0,0.0,0.0,0.0,0.0,0.0
339,10.0,2.0,0.0,1.0,1.0,5.0
340,3.0,0.0,0.0,0.0,0.0,0.0
341,13.0,2.0,0.0,3.0,5.0,2.0
342,36.0,0.0,5.0,0.0,3.0,6.0
343,71.0,32.0,4.0,1.0,7.0,6.0
344,71.0,32.0,4.0,1.0,7.0,6.0
345,89.0,46.0,0.0,6.0,12.0,3.0
346,69.0,46.0,2.0,3.0,8.0,3.0
347,5.0,0.0,0.0,0.0,1.0,0.0
348,148.0,33.0,21.0,4.0,9.0,7.0
349,2.0,0.0,0.0,0.0,1.0,0.0
350,4.0,0.0,0.0,2.0,0.0,0.0
351,0.0,0.0,0.0,0.0,0.0,0.0
352,13.0,2.0,0.0,3.0,5.0,2.0
353,78.0,41.0,0.0,6.0,10.0,2.0
354,6.0,0.0,2.0,0.0,0.0,0.0
355,174.0,89.0,31.0,2.0,7.0,21.0
356,2.0,0.0,0.0,1.0,0.0,0.0
357,35.0,6.0,0.0,0.0,11.0,4.0
358,233.0,99.0,50.0,3.0,12.0,23.0
359,174.0,89.0,31.0,2.0,7.0,21.0
360,77.0,39.0,1.0,8.0,15.0,2.0
361,5.0,0.0,0.0,0.0,1.0,0.0
362,2.0,0.0,0.0,0.0,0.0,0.0
363,12.0,1.0,1.0,1.0,3.0,0.0
364,62.0,34.0,4.0,5.0,11.0,1.0
365,0.0,0.0,0.0,0.0,0.0,0.0
366,128.0,26.0,9.0,6.0,26.0,11.0
367,4.0,0.0,0.0,2.0,0.0,0.0
368,1.0,0.0,0.0,0.0,0.0,0.0
369,128.0,26.0,9.0,6.0,26.0,11.0
370,79.0,43.0,0.0,6.0,11.0,2.0
371,60.0,35.0,4.0,4.0,8.0,2.0
372,2.0,0.0,0.0,1.0,0.0,0.0
373,2.0,0.0,0.0,1.0,0.0,0.0
374,0.0,0.0,0.0,0.0,0.0,0.0
375,0.0,1.0,0.0,0.0,0.0,0.0
376,128.0,26.0,9.0,6.0,26.0,11.0
377,128.0,26.0,9.0,6.0,26.0,11.0
378,128.0,26.0,9.0,6.0,26.0,11.0
379,1.0,0.0,0.0,0.0,0.0,0.0
380,0.0,0.0,0.0,0.0,0.0,0.0
381,2.0,0.0,0.0,0.0,0.0,0.0
382,1.0,0.0,0.0,0.0,1.0,0.0
383,2.0,0.0,0.0,2.0,0.0,0.0
384,137.0,25.0,14.0,3.0,10.0,5.0
385,137.0,25.0,14.0,3.0,10.0,5.0
386,1.0,0.0,0.0,0.0,0.0,0.0
387,0.0,0.0,0.0,0.0,0.0,0.0
388,136.0,47.0,11.0,4.0,23.0,22.0
389,142.0,86.0,21.0,5.0,27.0,21.0
390,67.0,17.0,7.0,3.0,10.0,0.0
391,128.0,29.0,8.0,5.0,20.0,26.0
392,128.0,29.0,8.0,5.0,20.0,26.0
393,128.0,26.0,9.0,6.0,26.0,11.0
394,129.0,27.0,9.0,6.0,26.0,11.0
395,22.0,12.0,2.0,2.0,2.0,0.0
396,3.0,0.0,0.0,0.0,0.0,1.0
397,16.0,9.0,2.0,0.0,1.0,3.0
398,60.0,35.0,4.0,4.0,8.0,2.0
399,35.0,4.0,1.0,3.0,4.0,2.0
400,35.0,4.0,1.0,3.0,4.0,2.0
401,14.0,2.0,1.0,1.0,1.0,0.0
402,3.0,0.0,0.0,1.0,0.0,0.0
403,2.0,0.0,0.0,2.0,0.0,0.0
404,78.0,58.0,6.0,0.0,18.0,4.0
405,0.0,0.0,0.0,0.0,0.0,0.0
406,11.0,0.0,0.0,4.0,0.0,3.0
407,11.0,0.0,0.0,4.0,0.0,3.0
408,2.0,0.0,0.0,2.0,0.0,0.0
409,0.0,0.0,0.0,0.0,0.0,0.0
410,16.0,9.0,2.0,0.0,1.0,3.0
411,35.0,13.0,0.0,6.0,7.0,3.0
412,23.0,0.0,3.0,3.0,3.0,1.0
413,1.0,0.0,0.0,0.0,0.0,1.0
414,3.0,0.0,0.0,2.0,0.0,0.0
415,128.0,29.0,8.0,5.0,20.0,26.0
416,146.0,48.0,11.0,3.0,37.0,20.0
417,46.0,14.0,1.0,2.0,4.0,2.0
418,35.0,13.0,0.0,6.0,7.0,3.0
419,50.0,12.0,1.0,4.0,3.0,1.0
420,166.0,35.0,33.0,2.0,12.0,4.0
421,166.0,35.0,33.0,2.0,12.0,4.0
422,48.0,26.0,5.0,4.0,11.0,1.0
423,48.0,26.0,5.0,4.0,11.0,1.0
424,43.0,6.0,0.0,2.0,5.0,7.0
425,5.0,1.0,0.0,0.0,2.0,0.0
426,1.0,0.0,0.0,0.0,0.0,0.0
427,0.0,0.0,0.0,0.0,0.0,0.0
428,51.0,8.0,5.0,0.0,5.0,4.0
429,60.0,22.0,4.0,1.0,11.0,3.0
430,6.0,0.0,0.0,0.0,0.0,0.0
431,0.0,0.0,0.0,0.0,0.0,0.0
432,1.0,0.0,0.0,0.0,0.0,0.0
433,21.0,2.0,0.0,0.0,3.0,1.0
434,32.0,19.0,0.0,5.0,3.0,5.0
435,42.0,27.0,1.0,0.0,6.0,7.0
436,31.0,2.0,0.0,0.0,4.0,0.0
437,0.0,0.0,0.0,0.0,0.0,0.0
438,50.0,12.0,1.0,4.0,3.0,1.0
439,159.0,27.0,24.0,1.0,10.0,4.0
440,108.0,59.0,9.0,4.0,14.0,2.0
441,0.0,0.0,0.0,0.0,0.0,0.0
442,2.0,0.0,0.0,2.0,0.0,0.0
443,25.0,0.0,0.0,1.0,1.0,5.0
444,5.0,0.0,0.0,0.0,1.0,0.0
445,81.0,86.0,10.0,3.0,14.0,5.0
446,82.0,86.0,10.0,3.0,14.0,5.0
447,128.0,29.0,8.0,5.0,20.0,26.0
448,4.0,1.0,0.0,0.0,0.0,0.0
449,2.0,0.0,0.0,0.0,0.0,0.0
450,49.0,12.0,1.0,1.0,4.0,2.0
451,49.0,12.0,1.0,1.0,4.0,2.0
452,42.0,12.0,2.0,2.0,6.0,5.0
453,55.0,44.0,1.0,1.0,9.0,7.0
454,57.0,17.0,2.0,5.0,4.0,2.0
455,159.0,27.0,24.0,1.0,10.0,4.0
456,108.0,59.0,9.0,4.0,14.0,2.0
457,14.0,1.0,0.0,0.0,0.0,1.0
458,0.0,0.0,0.0,0.0,0.0,0.0
459,0.0,0.0,0.0,0.0,0.0,0.0
460,19.0,2.0,0.0,0.0,5.0,1.0
461,82.0,86.0,10.0,3.0,14.0,5.0
462,80.0,17.0,4.0,0.0,9.0,5.0
463,55.0,35.0,0.0,3.0,1.0,2.0
464,56.0,35.0,0.0,3.0,1.0,2.0
465,25.0,6.0,0.0,4.0,2.0,7.0
466,1.0,0.0,0.0,1.0,0.0,0.0
467,54.0,14.0,2.0,4.0,4.0,1.0
468,54.0,14.0,2.0,4.0,4.0,1.0
469,6.0,0.0,0.0,4.0,0.0,0.0
470,0.0,0.0,0.0,0.0,0.0,0.0
471,3.0,0.0,0.0,0.0,1.0,0.0
472,114.0,48.0,22.0,6.0,16.0,10.0
473,138.0,94.0,1.0,2.0,13.0,23.0
474,157.0,124.0,24.0,5.0,30.0,10.0
475,129.0,27.0,9.0,6.0,26.0,11.0
476,56.0,35.0,0.0,3.0,1.0,2.0
477,30.0,2.0,0.0,0.0,4.0,0.0
478,54.0,14.0,2.0,4.0,4.0,1.0
479,55.0,33.0,8.0,2.0,9.0,2.0
480,132.0,67.0,9.0,4.0,18.0,3.0
481,5.0,0.0,0.0,0.0,3.0,0.0
482,1.0,0.0,0.0,0.0,0.0,0.0
483,150.0,71.0,17.0,2.0,6.0,23.0
484,128.0,26.0,9.0,6.0,26.0,11.0
485,129.0,27.0,9.0,6.0,26.0,11.0
486,40.0,7.0,0.0,9.0,7.0,0.0
487,34.0,24.0,1.0,3.0,3.0,6.0
488,34.0,24.0,1.0,3.0,3.0,6.0
489,4.0,0.0,0.0,0.0,1.0,0.0
490,56.0,14.0,2.0,4.0,4.0,1.0
491,0.0,0.0,0.0,0.0,0.0,0.0
492,81.0,86.0,10.0,3.0,14.0,5.0
493,139.0,26.0,9.0,6.0,25.0,11.0
494,139.0,26.0,9.0,6.0,25.0,11.0
495,40.0,7.0,0.0,9.0,7.0,0.0
496,39.0,10.0,0.0,4.0,1.0,1.0
497,6.0,0.0,0.0,4.0,0.0,0.0
498,19.0,0.0,0.0,3.0,3.0,0.0
499,2.0,0.0,0.0,1.0,0.0,0.0
500,0.0,0.0,0.0,0.0,0.0,0.0
501,18.0,3.0,0.0,1.0,6.0,0.0
502,2.0,0.0,0.0,0.0,0.0,0.0
503,33.0,9.0,1.0,5.0,7.0,2.0
504,33.0,9.0,1.0,5.0,7.0,2.0
505,2.0,0.0,0.0,0.0,0.0,0.0
506,6.0,0.0,2.0,1.0,0.0,1.0
507,41.0,2.0,3.0,1.0,4.0,6.0
508,41.0,2.0,3.0,1.0,4.0,6.0
509,19.0,1.0,1.0,0.0,2.0,0.0
510,19.0,1.0,1.0,0.0,2.0,0.0
511,40.0,7.0,0.0,9.0,7.0,0.0
512,15.0,0.0,0.0,2.0,1.0,3.0
513,39.0,10.0,0.0,4.0,1.0,1.0
514,1.0,0.0,0.0,0.0,0.0,0.0
515,74.0,10.0,0.0,2.0,4.0,8.0
516,7.0,0.0,1.0,0.0,0.0,0.0
517,4.0,0.0,0.0,0.0,2.0,0.0
518,42.0,15.0,7.0,5.0,8.0,3.0
519,139.0,26.0,9.0,6.0,25.0,11.0
520,4.0,0.0,0.0,0.0,0.0,0.0
521,6.0,0.0,0.0,0.0,2.0,0.0
522,2.0,0.0,0.0,0.0,0.0,0.0
523,0.0,0.0,0.0,0.0,0.0,0.0
524,1.0,0.0,0.0,0.0,0.0,0.0
525,39.0,10.0,0.0,4.0,1.0,1.0
526,41.0,2.0,1.0,2.0,2.0,5.0
527,157.0,124.0,24.0,5.0,30.0,10.0
528,157.0,124.0,24.0,5.0,30.0,10.0
529,9.0,0.0,0.0,0.0,3.0,0.0
530,18.0,2.0,0.0,3.0,2.0,5.0
531,54.0,14.0,4.0,4.0,7.0,2.0
532,14.0,1.0,0.0,2.0,1.0,4.0
533,99.0,35.0,22.0,2.0,4.0,5.0
534,102.0,33.0,27.0,4.0,7.0,2.0
535,132.0,66.0,10.0,4.0,18.0,3.0
536,138.0,94.0,1.0,2.0,13.0,23.0
537,42.0,15.0,7.0,5.0,8.0,3.0
538,128.0,27.0,13.0,4.0,21.0,28.0
539,138.0,26.0,9.0,6.0,25.0,11.0
540,1.0,0.0,0.0,0.0,0.0,0.0
541,54.0,14.0,4.0,4.0,7.0,2.0
542,46.0,31.0,0.0,2.0,1.0,2.0
543,99.0,35.0,22.0,2.0,4.0,5.0
544,56.0,8.0,1.0,2.0,16.0,10.0
545,56.0,8.0,1.0,2.0,16.0,10.0
546,56.0,8.0,1.0,2.0,16.0,10.0
547,84.0,60.0,9.0,4.0,16.0,4.0
548,25.0,15.0,5.0,2.0,5.0,1.0
549,123.0,61.0,1.0,3.0,17.0,19.0
550,41.0,2.0,1.0,2.0,2.0,5.0
551,63.0,11.0,1.0,2.0,12.0,11.0
552,46.0,31.0,0.0,2.0,1.0,2.0
553,7.0,3.0,0.0,0.0,1.0,0.0
554,99.0,35.0,22.0,2.0,4.0,5.0
555,102.0,16.0,15.0,4.0,7.0,1.0
556,42.0,15.0,7.0,5.0,8.0,3.0
557,2.0,0.0,0.0,0.0,1.0,0.0
558,127.0,68.0,16.0,1.0,6.0,18.0
559,157.0,63.0,3.0,1.0,20.0,21.0
560,63.0,21.0,2.0,2.0,11.0,5.0
561,63.0,21.0,2.0,2.0,11.0,5.0
562,63.0,21.0,2.0,2.0,11.0,5.0
563,158.0,63.0,3.0,1.0,21.0,21.0
564,2.0,1.0,0.0,0.0,1.0,0.0
565,127.0,68.0,16.0,1.0,6.0,18.0
566,199.0,39.0,28.0,8.0,23.0,23.0
567,38.0,8.0,2.0,1.0,7.0,0.0
568,7.0,0.0,0.0,0.0,1.0,0.0
569,0.0,0.0,0.0,0.0,0.0,0.0
570,0.0,0.0,0.0,0.0,0.0,0.0
571,0.0,0.0,0.0,0.0,0.0,0.0
572,2.0,0.0,0.0,0.0,0.0,0.0
573,3.0,0.0,0.0,0.0,0.0,0.0
574,0.0,0.0,0.0,0.0,0.0,0.0
575,0.0,0.0,0.0,0.0,0.0,0.0
576,1.0,0.0,0.0,0.0,0.0,0.0
577,137.0,85.0,1.0,3.0,15.0,27.0
578,137.0,85.0,1.0,3.0,15.0,27.0
579,121.0,58.0,7.0,6.0,14.0,10.0
580,121.0,58.0,7.0,6.0,14.0,10.0
581,199.0,39.0,28.0,8.0,23.0,23.0
582,178.0,51.0,23.0,7.0,26.0,15.0
583,178.0,51.0,23.0,7.0,26.0,15.0
584,122.0,56.0,15.0,1.0,5.0,17.0
585,138.0,26.0,9.0,6.0,25.0,11.0
586,0.0,0.0,0.0,0.0,0.0,0.0
587,0.0,0.0,0.0,0.0,0.0,0.0
588,1.0,0.0,0.0,0.0,0.0,0.0
589,80.0,12.0,9.0,6.0,16.0,7.0
590,16.0,5.0,1.0,1.0,1.0,4.0
591,46.0,31.0,0.0,2.0,1.0,2.0
592,23.0,0.0,0.0,1.0,2.0,1.0
593,19.0,1.0,0.0,3.0,2.0,5.0
594,19.0,1.0,0.0,3.0,2.0,5.0
595,61.0,50.0,2.0,5.0,11.0,2.0
596,59.0,50.0,2.0,5.0,11.0,2.0
597,1.0,0.0,0.0,0.0,0.0,0.0
598,14.0,1.0,0.0,1.0,1.0,1.0
599,5.0,0.0,0.0,1.0,0.0,0.0
600,1.0,0.0,0.0,0.0,0.0,0.0
601,15.0,0.0,0.0,0.0,0.0,1.0
602,3.0,0.0,0.0,0.0,1.0,0.0
603,1.0,0.0,0.0,0.0,0.0,0.0
604,4.0,0.0,0.0,0.0,2.0,0.0
605,5.0,0.0,1.0,2.0,0.0,0.0
606,0.0,0.0,0.0,0.0,0.0,0.0
607,1.0,0.0,0.0,0.0,0.0,0.0
608,11.0,5.0,0.0,0.0,1.0,3.0
609,49.0,12.0,4.0,2.0,8.0,0.0
610,49.0,12.0,4.0,2.0,8.0,0.0
611,77.0,48.0,8.0,1.0,3.0,12.0
612,132.0,79.0,23.0,7.0,25.0,6.0
613,139.0,86.0,1.0,3.0,15.0,28.0
614,139.0,86.0,1.0,3.0,15.0,28.0
615,178.0,51.0,23.0,7.0,26.0,15.0
616,2.0,0.0,0.0,0.0,0.0,0.0
617,41.0,7.0,1.0,9.0,7.0,2.0
618,40.0,10.0,4.0,3.0,6.0,1.0
619,7.0,1.0,0.0,0.0,0.0,0.0
620,59.0,50.0,2.0,5.0,11.0,2.0
621,42.0,15.0,7.0,5.0,8.0,3.0
622,0.0,0.0,0.0,0.0,0.0,0.0
623,2.0,0.0,0.0,0.0,0.0,0.0
624,2.0,0.0,0.0,0.0,0.0,0.0
625,6.0,0.0,0.0,2.0,1.0,0.0
626,6.0,0.0,0.0,0.0,2.0,0.0
627,1.0,0.0,0.0,0.0,0.0,0.0
628,2.0,0.0,0.0,0.0,0.0,0.0
629,1.0,0.0,0.0,0.0,1.0,0.0
630,0.0,0.0,0.0,0.0,0.0,0.0
631,0.0,0.0,0.0,0.0,0.0,0.0
632,0.0,0.0,0.0,0.0,0.0,0.0
633,0.0,0.0,0.0,0.0,0.0,0.0
634,2.0,0.0,0.0,2.0,0.0,0.0
635,0.0,0.0,0.0,0.0,0.0,0.0
636,132.0,79.0,23.0,7.0,25.0,6.0
637,139.0,86.0,1.0,3.0,15.0,28.0
638,22.0,0.0,2.0,0.0,2.0,1.0
639,31.0,1.0,3.0,1.0,4.0,0.0
640,22.0,0.0,2.0,0.0,2.0,1.0
641,41.0,7.0,1.0,9.0,7.0,2.0
642,41.0,7.0,0.0,9.0,7.0,2.0
643,41.0,0.0,1.0,1.0,9.0,2.0
644,32.0,18.0,0.0,1.0,3.0,1.0
645,32.0,18.0,0.0,1.0,3.0,1.0
646,6.0,0.0,0.0,0.0,0.0,0.0
647,0.0,0.0,0.0,0.0,0.0,0.0
648,3.0,0.0,0.0,1.0,0.0,0.0
649,6.0,0.0,0.0,0.0,1.0,0.0
650,54.0,20.0,2.0,2.0,9.0,5.0
651,54.0,20.0,2.0,2.0,9.0,5.0
652,54.0,49.0,2.0,5.0,7.0,2.0
653,1.0,2.0,0.0,0.0,0.0,0.0
654,6.0,0.0,0.0,1.0,1.0,0.0
655,8.0,0.0,0.0,0.0,0.0,0.0
656,5.0,0.0,0.0,0.0,1.0,0.0
657,0.0,0.0,0.0,0.0,0.0,0.0
658,5.0,0.0,0.0,0.0,0.0,0.0
659,8.0,1.0,0.0,2.0,0.0,0.0
660,8.0,1.0,0.0,1.0,0.0,0.0
661,3.0,0.0,0.0,1.0,0.0,0.0
662,0.0,0.0,0.0,0.0,0.0,0.0
663,31.0,0.0,0.0,1.0,14.0,1.0
664,3.0,0.0,0.0,1.0,0.0,0.0
665,3.0,0.0,0.0,1.0,0.0,0.0
666,70.0,8.0,3.0,2.0,6.0,5.0
667,70.0,8.0,3.0,2.0,6.0,5.0
668,156.0,105.0,26.0,6.0,39.0,2.0
669,139.0,86.0,1.0,3.0,15.0,28.0
670,139.0,86.0,1.0,3.0,15.0,28.0
671,30.0,6.0,0.0,0.0,12.0,4.0
672,44.0,13.0,2.0,0.0,17.0,2.0
673,179.0,51.0,23.0,7.0,24.0,14.0
674,179.0,51.0,23.0,7.0,24.0,14.0
675,49.0,3.0,1.0,2.0,3.0,7.0
676,1.0,0.0,0.0,0.0,1.0,0.0
677,2.0,0.0,1.0,0.0,1.0,0.0
678,13.0,2.0,0.0,0.0,0.0,4.0
679,70.0,108.0,4.0,1.0,15.0,2.0
680,70.0,108.0,4.0,1.0,15.0,2.0
681,69.0,109.0,4.0,1.0,15.0,2.0
682,112.0,164.0,2.0,3.0,15.0,6.0
683,17.0,6.0,2.0,1.0,2.0,0.0
684,12.0,2.0,0.0,0.0,0.0,3.0
685,37.0,21.0,1.0,3.0,3.0,1.0
686,37.0,21.0,1.0,3.0,3.0,1.0
687,38.0,11.0,0.0,0.0,6.0,1.0
688,69.0,46.0,2.0,3.0,8.0,3.0
689,66.0,20.0,8.0,1.0,14.0,16.0
690,66.0,20.0,8.0,1.0,14.0,16.0
691,0.0,0.0,0.0,0.0,0.0,0.0
692,0.0,0.0,0.0,0.0,0.0,0.0
693,0.0,0.0,0.0,0.0,0.0,0.0
694,0.0,0.0,0.0,0.0,0.0,0.0
695,44.0,32.0,5.0,4.0,5.0,1.0
696,44.0,32.0,5.0,4.0,5.0,1.0
697,52.0,45.0,5.0,4.0,6.0,2.0
698,94.0,56.0,4.0,5.0,12.0,4.0
699,95.0,58.0,5.0,2.0,13.0,2.0
700,32.0,1.0,1.0,1.0,3.0,3.0
701,3.0,0.0,0.0,0.0,1.0,0.0
702,2.0,0.0,0.0,1.0,0.0,0.0
703,2.0,0.0,0.0,1.0,0.0,0.0
704,11.0,0.0,0.0,2.0,1.0,1.0
705,11.0,0.0,0.0,2.0,1.0,1.0
706,49.0,34.0,4.0,4.0,5.0,2.0
707,0.0,0.0,0.0,0.0,0.0,0.0
708,11.0,1.0,3.0,0.0,1.0,0.0
709,3.0,0.0,0.0,1.0,0.0,0.0
710,3.0,0.0,0.0,0.0,0.0,0.0
711,3.0,0.0,0.0,1.0,0.0,0.0
712,3.0,0.0,0.0,1.0,0.0,0.0
713,3.0,0.0,0.0,1.0,0.0,0.0
714,3.0,0.0,0.0,1.0,0.0,0.0
715,2.0,0.0,0.0,2.0,0.0,0.0
716,2.0,0.0,0.0,2.0,0.0,0.0
717,0.0,0.0,0.0,0.0,0.0,0.0
718,0.0,0.0,0.0,0.0,0.0,0.0
719,8.0,0.0,0.0,0.0,2.0,0.0
720,87.0,26.0,6.0,2.0,8.0,8.0
721,107.0,40.0,6.0,1.0,14.0,6.0
722,133.0,79.0,23.0,7.0,25.0,6.0
723,133.0,79.0,23.0,7.0,25.0,6.0
724,106.0,19.0,2.0,4.0,13.0,25.0
725,42.0,11.0,2.0,2.0,7.0,2.0
726,44.0,13.0,2.0,0.0,17.0,2.0
727,77.0,26.0,4.0,0.0,13.0,6.0
728,3.0,0.0,0.0,0.0,0.0,0.0
729,23.0,9.0,0.0,0.0,2.0,3.0
730,0.0,0.0,1.0,0.0,0.0,0.0
731,0.0,0.0,1.0,0.0,0.0,0.0
732,5.0,1.0,0.0,2.0,0.0,0.0
733,66.0,20.0,8.0,1.0,14.0,16.0
734,0.0,0.0,0.0,0.0,0.0,0.0
735,0.0,0.0,0.0,0.0,0.0,0.0
736,0.0,0.0,0.0,0.0,0.0,0.0
737,23.0,0.0,0.0,1.0,3.0,4.0
738,0.0,0.0,0.0,0.0,0.0,0.0
739,147.0,66.0,16.0,1.0,12.0,2.0
740,32.0,15.0,9.0,1.0,3.0,0.0
741,32.0,15.0,9.0,1.0,3.0,0.0
742,144.0,67.0,13.0,1.0,11.0,2.0
743,136.0,87.0,19.0,1.0,8.0,2.0
744,3.0,0.0,0.0,0.0,1.0,0.0
745,3.0,0.0,0.0,0.0,1.0,0.0
746,3.0,0.0,0.0,0.0,1.0,0.0
747,13.0,1.0,1.0,1.0,0.0,3.0
748,3.0,1.0,0.0,1.0,0.0,1.0
749,4.0,1.0,1.0,1.0,0.0,1.0
750,3.0,1.0,0.0,1.0,0.0,1.0
751,13.0,3.0,0.0,1.0,0.0,1.0
752,3.0,0.0,0.0,2.0,0.0,0.0
753,1.0,0.0,0.0,1.0,0.0,0.0
754,3.0,0.0,0.0,2.0,0.0,0.0
755,0.0,0.0,0.0,0.0,0.0,0.0
756,20.0,1.0,0.0,0.0,6.0,7.0
757,2.0,0.0,0.0,2.0,0.0,0.0
758,2.0,0.0,0.0,2.0,0.0,0.0
759,0.0,0.0,0.0,0.0,0.0,0.0
760,0.0,0.0,0.0,0.0,0.0,0.0
761,6.0,0.0,0.0,4.0,0.0,0.0
762,106.0,19.0,2.0,4.0,13.0,25.0
763,186.0,86.0,6.0,1.0,27.0,17.0
764,0.0,0.0,0.0,0.0,0.0,0.0
765,0.0,0.0,0.0,0.0,0.0,0.0
766,7.0,0.0,0.0,0.0,3.0,0.0
767,0.0,0.0,0.0,0.0,0.0,0.0
768,18.0,14.0,1.0,3.0,6.0,1.0
769,18.0,14.0,1.0,3.0,6.0,1.0
770,5.0,1.0,0.0,2.0,0.0,0.0
771,60.0,20.0,3.0,1.0,2.0,5.0
772,60.0,20.0,3.0,1.0,2.0,5.0
773,34.0,5.0,3.0,0.0,0.0,10.0
774,4.0,0.0,0.0,0.0,0.0,0.0
775,0.0,0.0,0.0,0.0,0.0,0.0
776,1.0,0.0,0.0,0.0,0.0,0.0
777,30.0,10.0,8.0,2.0,3.0,1.0
778,144.0,67.0,13.0,1.0,11.0,2.0
779,144.0,67.0,13.0,1.0,11.0,2.0
780,100.0,56.0,8.0,1.0,11.0,3.0
781,3.0,0.0,0.0,0.0,1.0,0.0
782,3.0,1.0,0.0,1.0,0.0,1.0
783,4.0,0.0,0.0,0.0,0.0,1.0
784,30.0,3.0,0.0,1.0,9.0,0.0
785,4.0,0.0,0.0,0.0,0.0,1.0
786,4.0,0.0,0.0,0.0,0.0,1.0
787,1.0,0.0,0.0,1.0,0.0,0.0
788,16.0,0.0,0.0,1.0,6.0,0.0
789,3.0,0.0,0.0,1.0,0.0,0.0
790,4.0,0.0,2.0,0.0,0.0,0.0
791,6.0,0.0,0.0,4.0,0.0,0.0
792,155.0,105.0,26.0,6.0,39.0,2.0
793,186.0,86.0,6.0,1.0,27.0,17.0
794,0.0,0.0,0.0,0.0,0.0,0.0
795,1.0,0.0,0.0,0.0,0.0,0.0
796,59.0,7.0,1.0,3.0,10.0,0.0
797,35.0,3.0,4.0,5.0,2.0,9.0
798,0.0,0.0,0.0,0.0,0.0,0.0
799,0.0,0.0,0.0,0.0,0.0,0.0
800,3.0,5.0,0.0,1.0,0.0,1.0
801,1.0,0.0,0.0,0.0,0.0,0.0
802,3.0,0.0,1.0,1.0,0.0,0.0
803,3.0,0.0,1.0,1.0,0.0,0.0
804,5.0,1.0,0.0,1.0,0.0,0.0
805,5.0,1.0,0.0,1.0,0.0,0.0
806,4.0,0.0,0.0,0.0,1.0,0.0
807,4.0,0.0,0.0,0.0,1.0,0.0
808,5.0,0.0,0.0,1.0,1.0,0.0
809,3.0,1.0,0.0,0.0,1.0,0.0
810,30.0,10.0,8.0,2.0,3.0,1.0
811,30.0,10.0,8.0,2.0,3.0,1.0
812,2.0,0.0,0.0,0.0,0.0,0.0
813,3.0,0.0,0.0,1.0,0.0,0.0
814,191.0,53.0,29.0,9.0,21.0,13.0
815,112.0,7.0,4.0,1.0,15.0,23.0
816,120.0,59.0,15.0,3.0,28.0,6.0
817,144.0,96.0,27.0,6.0,33.0,4.0
818,144.0,96.0,27.0,6.0,33.0,4.0
819,84.0,31.0,14.0,2.0,15.0,12.0
820,84.0,31.0,14.0,2.0,15.0,12.0
821,88.0,29.0,6.0,1.0,15.0,6.0
822,88.0,29.0,6.0,1.0,15.0,6.0
823,104.0,30.0,3.0,4.0,12.0,27.0
824,104.0,30.0,3.0,4.0,12.0,27.0
825,85.0,25.0,5.0,1.0,16.0,6.0
826,72.0,19.0,4.0,2.0,8.0,3.0
827,50.0,9.0,0.0,4.0,11.0,2.0
828,192.0,52.0,29.0,9.0,22.0,13.0
829,192.0,52.0,29.0,9.0,22.0,13.0
830,192.0,52.0,29.0,9.0,22.0,13.0
831,66.0,27.0,13.0,2.0,14.0,12.0
832,150.0,66.0,28.0,2.0,33.0,14.0
833,150.0,66.0,28.0,2.0,33.0,14.0
834,155.0,105.0,26.0,6.0,39.0,2.0
835,139.0,120.0,1.0,3.0,11.0,29.0
836,139.0,120.0,1.0,3.0,11.0,29.0
837,139.0,120.0,1.0,3.0,11.0,29.0
838,139.0,119.0,1.0,3.0,11.0,29.0
839,139.0,119.0,1.0,3.0,11.0,29.0
840,139.0,119.0,1.0,3.0,11.0,29.0
841,139.0,119.0,1.0,3.0,11.0,29.0
842,100.0,26.0,7.0,2.0,17.0,10.0
843,47.0,20.0,7.0,5.0,7.0,5.0
844,47.0,20.0,7.0,5.0,7.0,5.0
845,47.0,20.0,7.0,5.0,7.0,5.0
846,47.0,20.0,7.0,5.0,7.0,5.0
847,174.0,110.0,24.0,3.0,39.0,7.0
848,174.0,110.0,24.0,3.0,39.0,7.0
849,174.0,110.0,24.0,3.0,39.0,7.0
850,111.0,53.0,14.0,4.0,19.0,7.0
851,104.0,50.0,12.0,4.0,17.0,5.0
852,104.0,50.0,12.0,4.0,17.0,5.0
853,92.0,20.0,5.0,3.0,15.0,7.0
854,92.0,20.0,5.0,3.0,15.0,7.0
855,92.0,20.0,5.0,3.0,15.0,7.0
856,92.0,20.0,5.0,3.0,15.0,7.0
857,92.0,20.0,5.0,3.0,15.0,7.0
858,111.0,53.0,14.0,4.0,19.0,7.0
859,40.0,16.0,4.0,1.0,8.0,0.0
860,70.0,22.0,4.0,3.0,9.0,2.0
861,45.0,17.0,1.0,2.0,6.0,3.0
862,45.0,17.0,1.0,2.0,6.0,3.0
863,74.0,45.0,6.0,3.0,15.0,3.0
864,74.0,45.0,6.0,3.0,15.0,3.0
865,35.0,14.0,1.0,0.0,5.0,4.0
866,35.0,14.0,1.0,0.0,5.0,4.0
867,82.0,12.0,2.0,3.0,16.0,6.0
868,186.0,86.0,6.0,1.0,27.0,17.0
869,186.0,86.0,6.0,1.0,27.0,17.0
870,23.0,6.0,0.0,2.0,4.0,0.0
871,24.0,10.0,0.0,1.0,3.0,1.0
872,2.0,3.0,4.0,0.0,0.0,0.0
873,50.0,22.0,3.0,2.0,7.0,2.0
874,50.0,22.0,3.0,2.0,7.0,2.0
875,49.0,22.0,3.0,2.0,7.0,2.0
876,49.0,22.0,3.0,2.0,7.0,2.0
877,49.0,22.0,3.0,2.0,7.0,2.0
878,59.0,7.0,1.0,3.0,10.0,0.0
879,11.0,1.0,0.0,0.0,5.0,1.0
880,26.0,7.0,0.0,1.0,2.0,1.0
881,45.0,6.0,1.0,5.0,1.0,17.0
882,74.0,48.0,4.0,1.0,11.0,3.0
883,18.0,6.0,0.0,1.0,1.0,0.0
884,18.0,6.0,0.0,1.0,1.0,0.0
885,28.0,8.0,0.0,3.0,4.0,0.0
886,11.0,1.0,0.0,0.0,5.0,1.0
887,29.0,6.0,1.0,1.0,3.0,3.0
888,29.0,6.0,1.0,1.0,3.0,3.0
889,29.0,6.0,1.0,1.0,3.0,3.0
890,47.0,18.0,0.0,4.0,10.0,2.0
891,26.0,1.0,1.0,0.0,1.0,0.0
892,6.0,0.0,0.0,3.0,0.0,0.0
893,8.0,2.0,0.0,0.0,4.0,0.0
894,51.0,19.0,0.0,6.0,10.0,1.0
895,10.0,0.0,0.0,4.0,0.0,3.0
896,34.0,4.0,2.0,3.0,4.0,2.0
897,3.0,0.0,0.0,0.0,1.0,0.0
898,30.0,5.0,0.0,0.0,0.0,0.0
899,30.0,5.0,0.0,0.0,0.0,0.0
900,30.0,5.0,0.0,0.0,0.0,0.0
901,30.0,5.0,0.0,0.0,0.0,0.0
902,10.0,0.0,0.0,4.0,0.0,3.0
903,33.0,9.0,1.0,4.0,7.0,1.0
904,44.0,2.0,1.0,4.0,16.0,3.0
905,3.0,1.0,0.0,0.0,1.0,0.0
906,6.0,2.0,0.0,0.0,3.0,0.0
907,2.0,1.0,0.0,2.0,0.0,0.0
908,2.0,0.0,0.0,1.0,0.0,0.0
909,6.0,0.0,0.0,2.0,2.0,0.0
910,72.0,19.0,4.0,2.0,8.0,3.0
911,186.0,86.0,6.0,1.0,27.0,17.0
912,2.0,0.0,0.0,1.0,0.0,0.0
913,6.0,2.0,0.0,0.0,3.0,0.0
914,0.0,0.0,0.0,0.0,0.0,0.0
915,1.0,0.0,0.0,0.0,0.0,0.0
916,1.0,0.0,0.0,0.0,0.0,1.0
917,1.0,0.0,0.0,0.0,0.0,0.0
918,186.0,86.0,6.0,1.0,27.0,17.0
919,164.0,60.0,7.0,4.0,13.0,12.0
920,50.0,35.0,9.0,1.0,2.0,3.0
921,50.0,35.0,9.0,1.0,2.0,3.0
922,50.0,35.0,9.0,1.0,2.0,3.0
923,50.0,35.0,9.0,1.0,2.0,3.0
924,14.0,1.0,3.0,0.0,1.0,1.0
925,1.0,0.0,0.0,0.0,0.0,1.0
926,8.0,0.0,0.0,3.0,0.0,0.0
927,27.0,1.0,0.0,2.0,2.0,3.0
928,0.0,0.0,0.0,0.0,0.0,0.0
929,3.0,5.0,0.0,1.0,0.0,1.0
930,34.0,20.0,0.0,1.0,2.0,4.0
931,0.0,1.0,0.0,0.0,0.0,0.0
932,14.0,1.0,3.0,0.0,1.0,1.0
933,2.0,0.0,0.0,0.0,0.0,0.0
