node_id,charger_id,period,year,month,district,units,load,totservices,billdservices,charger_age_months,ev_registrations,latitude,longitude,charger_rating,connector_rating,total_connectors,govt_private,charger_name,city_village,charge_point_operators,chargers_type,source,population_density,amenity_count,shop_count,tourism_count,fuel_count,healthcare_count,education_count
0,NTC_0001,2023-02,2023,2,ADILABAD,566.0,105.0,3.0,3.0,1,24,19.086198,78.351012,7.4,7.4,,Government,Bhardwaja Filling Station Vakkaladagga,Adilabad,,,North,7117.42431640625,27.0,8.0,0.0,4.0,4.0,1.0
1,NTC_0002,2023-02,2023,2,ADILABAD,566.0,105.0,3.0,3.0,1,24,19.486125,78.680428,7.0,7.0,,Government,Indravelli,Adilabad,,,North,1904.787109375,8.0,0.0,0.0,0.0,1.0,0.0
2,NTC_0003,2023-02,2023,2,ADILABAD,566.0,105.0,3.0,3.0,1,24,19.639182,78.509912,7.4,7.4,,Government,"M/S. Varun Petro Plaza,Mavala",Adilabad,,,North,1697.302490234375,2.0,0.0,0.0,0.0,1.0,0.0
3,NTC_0004,2023-02,2023,2,ADILABAD,566.0,105.0,3.0,3.0,1,24,19.502716,78.843976,7.0,7.0,,Government,Narnoor,Adilabad,,,North,1053.77685546875,12.0,3.0,0.0,0.0,3.0,0.0
4,NTC_0005,2023-02,2023,2,ADILABAD,566.0,105.0,3.0,3.0,1,24,19.431521,78.575492,7.0,7.0,,Government,Sirikonda,Adilabad,,,North,1221.2808837890625,4.0,0.0,0.0,0.0,0.0,0.0
5,NTC_0006,2023-02,2023,2,ADILABAD,566.0,105.0,3.0,3.0,1,24,19.37536,78.775157,7.4,7.4,,Government,Indian Oil Dealer Sy.No.435/3 Girijan Co-Op.Corporation,Adilabad,,,North,1039.349365234375,11.0,1.0,0.0,0.0,2.0,0.0
6,NTC_0007,2023-02,2023,2,ADILABAD,566.0,105.0,3.0,3.0,1,24,19.669815,78.52186,30.0,30.0,,Private,"Iocl - Police Petrol Pump, Apj Abdul Kalam Rd, Vidya Nagar, Adilabad(U), Telangana 504001",Adilabad,,,North,7839.05859375,44.0,0.0,0.0,0.0,11.0,5.0
7,NTC_0008,2023-02,2023,2,ADILABAD,566.0,105.0,3.0,3.0,1,24,19.646664,78.515466,25.0,25.0,,Private,"Iocl - Sri Sainath Filling Station, Mavala, Sy No 162&163, Mavala, Sv Hanuman Mandal, Adilabad Dist, Telangana - 504001",Adilabad,,,North,2639.435791015625,9.0,0.0,0.0,0.0,5.0,0.0
8,NTC_0009,2023-02,2023,2,ADILABAD,566.0,105.0,3.0,3.0,1,24,19.656025,78.52951,30.0,30.0,,Private,"Sree Venkateswara Motors, Dasnapur, Plot No 8, Survey No ?? 21/4, Industrial Area, Dasnapur, Adilabad ?? 504001",Adilabad,,,North,7637.0068359375,27.0,0.0,0.0,0.0,9.0,2.0
9,NTC_0010,2023-02,2023,2,ADILABAD,566.0,105.0,3.0,3.0,1,24,19.656025,78.52951,15.0,15.0,,Private,"Sree Venkateswara Motors, Dasnapur, Plot No 8, Survey No ?? 21/4, Industrial Area, Dasnapur, Adilabad ?? 504001",Adilabad,,,North,7637.0068359375,27.0,0.0,0.0,0.0,9.0,2.0
10,NTC_0011,2023-02,2023,2,ADILABAD,566.0,105.0,3.0,3.0,1,24,19.672283,78.527794,60.0,60.0,,Government,"4-5-55/8, VIDHYANAGAR, ADILABAD, ADILABAD, , City=ADILABAD, District=ADILABAD, State=Telangana",ADILABAD,,,North,11589.8154296875,91.0,26.0,0.0,0.0,33.0,5.0
11,NTC_0012,2023-02,2023,2,ADILABAD,566.0,105.0,3.0,3.0,1,24,19.659197,78.524255,3.0,3.0,,Government,"DASNAPUR, ADILABAD, , City=ADILABAD, District=ADILABAD, State=Telangana",ADILABAD,,,North,8827.6689453125,37.0,0.0,0.0,0.0,12.0,1.0
12,NTC_0013,2023-02,2023,2,ADILABAD,566.0,105.0,3.0,3.0,1,24,19.589045,78.482298,60.0,60.0,,Government,"SY NO 13 AA, KAMALAPUR VILLAGE, , City=ADILABAD, District=ADILABAD, State=Telangana",ADILABAD,,,North,-99999.0,0.0,0.0,0.0,0.0,0.0,0.0
13,NTC_0014,2023-02,2023,2,ADILABAD,566.0,105.0,3.0,3.0,1,24,19.685198,78.5438,3.0,3.0,,Government,"SY NO. 153/2/2 & 153/2/3, ADILABAD TOWN, , City=ADILABAD, District=ADILABAD, State=Telangana",ADILABAD,,,North,4032.664306640625,7.0,0.0,0.0,2.0,1.0,1.0
14,NTC_0015,2023-02,2023,2,BHADRADRI KOTHAGUDEM,233.0,145.0,5.0,3.0,1,12,17.67214,80.89002,30.0,30.0,,Government,Bhadrachalam,Bhadradri Kothagudem,,,North,11163.7578125,54.0,3.0,3.0,4.0,10.0,5.0
15,NTC_0016,2023-02,2023,2,BHADRADRI KOTHAGUDEM,233.0,145.0,5.0,3.0,1,12,17.588643,80.683481,30.0,30.0,,Government,New Palvancha,Bhadradri Kothagudem,,,North,5364.4658203125,8.0,0.0,1.0,2.0,0.0,0.0
16,NTC_0017,2023-02,2023,2,BHADRADRI KOTHAGUDEM,233.0,145.0,5.0,3.0,1,12,17.400985,80.504387,3.3,3.3,,Government,Indian Oil Dealer Sy.No.250/Aa Gundepudi Village,Bhadradri Kothagudem,,,North,2635.68212890625,8.0,0.0,0.0,0.0,3.0,1.0
17,NTC_0018,2023-02,2023,2,HANUMAKONDA,1026.0,180.0,5.0,5.0,1,39,18.010621,79.49865,3.3,3.3,,Government,"M/S. A S Brothers Filling Station,Devannapet",Devannapet,,,North,302.7646789550781,1.0,0.0,0.0,0.0,0.0,0.0
18,NTC_0019,2023-02,2023,2,HANUMAKONDA,1026.0,180.0,5.0,5.0,1,39,18.015017,79.542687,7.4,7.4,,Government,"Sree Thirumala Filling Station,Gopalapur",Bheemaram,,,North,11663.2333984375,15.0,3.0,0.0,0.0,3.0,0.0
30,NTC_0031,2023-02,2023,2,KAMAREDDY,224.0,105.0,3.0,3.0,1,26,18.370204,77.874176,7.0,7.0,,Government,Banswada,Kamareddy,,,North,1392.041748046875,10.0,1.0,0.0,1.0,0.0,0.0
31,NTC_0032,2023-02,2023,2,KAMAREDDY,224.0,105.0,3.0,3.0,1,26,18.316621,78.445482,3.3,3.3,,Government,"Mshsd Sri Lakshmi Narasimha Fs,Palwancha",Adloor,,,North,1111.230712890625,1.0,0.0,0.0,0.0,0.0,0.0
32,NTC_0033,2023-02,2023,2,KAMAREDDY,224.0,105.0,3.0,3.0,1,26,18.206261,78.526952,3.3,3.3,,Government,"Mshsd Sri Mahalaxmi Hp Filling Stn,Bibipet",Bibipet,,,North,631.6480102539062,12.0,0.0,0.0,0.0,4.0,1.0
33,NTC_0034,2023-02,2023,2,KAMAREDDY,224.0,105.0,3.0,3.0,1,26,18.27169,78.364092,60.0,60.0,,Government,Narsanapalli,Kamareddy,,,North,858.7666015625,0.0,0.0,0.0,0.0,0.0,0.0
34,NTC_0035,2023-02,2023,2,KAMAREDDY,224.0,105.0,3.0,3.0,1,26,18.323004,78.308301,30.0,30.0,,Government,Indian Oil Dealer Sy.No.138/2/2 Devunipalli Village,Kamareddy,,,North,742.0745849609375,2.0,0.0,0.0,0.0,1.0,0.0
35,NTC_0036,2023-02,2023,2,KAMAREDDY,224.0,105.0,3.0,3.0,1,26,18.425679,77.993609,7.4,7.4,,Government,Indian Oil Dealer Sy.No.222/5 Hanmajipet Village,Kamareddy,,,North,152.2047576904297,0.0,0.0,0.0,0.0,0.0,0.0
36,NTC_0037,2023-02,2023,2,KAMAREDDY,224.0,105.0,3.0,3.0,1,26,18.319391,78.327293,30.0,30.0,,Government,Indian Oil Dealer Sy.No.90/8A 90/9A 90/7A92/3 93/A 94/1A Lingapur(V),Kamareddy,,,North,11021.94921875,45.0,12.0,6.0,1.0,13.0,3.0
37,NTC_0038,2023-02,2023,2,KAMAREDDY,224.0,105.0,3.0,3.0,1,26,18.24474,78.129464,7.4,7.4,,Government,Indian Oil Dealer Sy.No-1062/2 Lingampet Village & Mandal,Kamareddy,,,North,2517.479736328125,8.0,0.0,0.0,0.0,2.0,0.0
38,NTC_0039,2023-02,2023,2,KAMAREDDY,224.0,105.0,3.0,3.0,1,26,18.169598,78.401691,30.0,30.0,,Government,Indian Oil Dealers Bhiknur Andhra Pradesh,Kamareddy,,,North,572.2623291015625,0.0,0.0,0.0,0.0,0.0,0.0
39,NTC_0040,2023-02,2023,2,KAMAREDDY,224.0,105.0,3.0,3.0,1,26,18.187761,78.02344,30.0,30.0,,Government,Indian Oil Dealers Sy No 453/3 Andhra Pradesh,Kamareddy,,,North,2182.77880859375,1.0,0.0,0.0,0.0,0.0,0.0
40,NTC_0041,2023-02,2023,2,KAMAREDDY,224.0,105.0,3.0,3.0,1,26,18.21501,78.35898,3.3,3.3,,Government,Indianoil Dealer Sircilla Road Kamareddy (V&M) District Kamareddy,Kamareddy,,,North,21.982635498046875,0.0,0.0,0.0,0.0,0.0,0.0
41,NTC_0042,2023-02,2023,2,KAMAREDDY,224.0,105.0,3.0,3.0,1,26,18.234937,77.829787,7.4,7.4,,Government,Sy.No.186/2 Pothureddypally Village Pitlam Mandal,Kamareddy,,,North,330.8108825683594,2.0,0.0,0.0,0.0,0.0,0.0
42,NTC_0043,2023-02,2023,2,KAMAREDDY,224.0,105.0,3.0,3.0,1,26,18.29187,78.346882,30.0,30.0,,Private,"Sree Venkateswara Motors, Hyderabad Road, 1-112/3, Patha Rajampet, Hyderabad Road, Kamareddy-503111",Kamareddy,,,North,586.0445556640625,0.0,0.0,0.0,0.0,0.0,0.0
43,NTC_0044,2023-02,2023,2,KAMAREDDY,224.0,105.0,3.0,3.0,1,26,18.29187,78.346882,15.0,15.0,,Private,"Sree Venkateswara Motors, Hyderabad Road, 1-112/3, Patha Rajampet, Hyderabad Road, Kamareddy-503111",Kamareddy,,,North,586.0445556640625,0.0,0.0,0.0,0.0,0.0,0.0
44,NTC_0045,2023-02,2023,2,KAMAREDDY,224.0,105.0,3.0,3.0,1,26,18.14254,78.41742,60.0,60.0,,Government,"957/1 , 958/A AND 959, BHIKNUR, , City=BASWAPUR, District=KAMAREDDY, State=Telangana",BASWAPUR,,,North,509.8982849121094,0.0,0.0,0.0,0.0,0.0,0.0
45,NTC_0046,2023-02,2023,2,KAMAREDDY,224.0,105.0,3.0,3.0,1,26,18.32231,78.418347,3.0,3.0,,Government,"KAMAREDDY-SIRCILLA ROAD, #, , City=KAMAREDDY, District=KAMAREDDY, State=Telangana",KAMAREDDY,,,North,118.51355743408205,0.0,0.0,0.0,0.0,0.0,0.0
46,NTC_0047,2023-02,2023,2,KAMAREDDY,224.0,105.0,3.0,3.0,1,26,18.485803,77.879947,3.0,3.0,,Government,"NASRULLABAD VILLAGE AND MANDAL, KAMAREDDY DIST, , City=KAMAREDDY, District=KAMAREDDY, State=Telangana",KAMAREDDY,,,North,0.1756225526332855,0.0,0.0,0.0,0.0,0.0,0.0
47,NTC_0048,2023-02,2023,2,KAMAREDDY,224.0,105.0,3.0,3.0,1,26,18.145407,78.041123,7.0,7.0,,Government,"SY NO 342, MACHAPUR VILLAGE, YELLAREDDY MANDAL, , City=MACHAPUR, District=KAMAREDDY, State=Telangana",MACHAPUR,,,North,512.752197265625,1.0,0.0,0.0,0.0,0.0,0.0
48,NTC_0049,2023-02,2023,2,KAMAREDDY,224.0,105.0,3.0,3.0,1,26,18.44937,78.230249,60.0,60.0,,Government,"SY. NO.17/8 & 17/9, KAMMAJIVADI VILLAGE & POST, , City=KALWARAL, District=KAMAREDDY, State=Telangana",KALWARAL,,,North,433.385986328125,0.0,0.0,0.0,0.0,0.0,0.0
49,NTC_0050,2023-02,2023,2,KAMAREDDY,224.0,105.0,3.0,3.0,1,26,18.418332,78.270395,60.0,60.0,,Government,"SY.NO.279/2, SADASIV NAGAR V & M, NIZAMABAD DISTRICT, , City=SADASHIVANAGAR VILLAGE, District=KAMAREDDY, State=Telangana",SADASHIVANAGAR VILLAGE,,,North,142.8965606689453,1.0,0.0,0.0,0.0,1.0,0.0
50,NTC_0051,2023-02,2023,2,KAMAREDDY,224.0,105.0,3.0,3.0,1,26,18.293094,77.768095,60.0,60.0,,Government,"SY.NO.884/PAIKI, PITLAM, PITLAM, , City=PITLAM, District=KAMAREDDY, State=Telangana",PITLAM,,,North,-99999.0,1.0,0.0,0.0,0.0,0.0,0.0
51,NTC_0052,2023-02,2023,2,KAMAREDDY,224.0,105.0,3.0,3.0,1,26,18.349444,78.306944,30.0,30.0,,Government,"SYNO 32/1 , NH-7, TEKKARIAL VILL, SYNO 32/1 , NH-7, TEKKARIAL VILL, , City=KAMAREDDY MANDAL, District=KAMAREDDY, State=Telangana",KAMAREDDY MANDAL,,,North,1741.879638671875,5.0,0.0,0.0,2.0,0.0,0.0
52,NTC_0053,2023-02,2023,2,KARIMNAGAR,248.0,25.0,1.0,1.0,1,57,18.421818,79.136486,3.3,3.3,,Private,"8, Nh563, Ganesh Nagar, Karimnagar, Telangana 505001",Karimnagar,,,North,11963.9296875,27.0,5.0,3.0,1.0,2.0,0.0
53,NTC_0054,2023-02,2023,2,KARIMNAGAR,248.0,25.0,1.0,1.0,1,57,18.428197,79.152783,3.3,3.3,,Private,"Opp: Gayathri Filling Station, C5H3+735, Godavarikhani Bypass Rd, Housing Borad Colony, Bommakal, Telangana 505001",Karimnagar,,,North,6875.97314453125,16.0,1.0,1.0,0.0,1.0,2.0
54,NTC_0055,2023-02,2023,2,KARIMNAGAR,248.0,25.0,1.0,1.0,1,57,18.437326,79.098494,3.3,3.3,,Private,"Padma Nagar, Ramnagar, Karimnagar, Telangana 505001",Karimnagar,,,North,2270.86767578125,1.0,0.0,0.0,0.0,0.0,0.0
55,NTC_0056,2023-02,2023,2,KARIMNAGAR,248.0,25.0,1.0,1.0,1,57,18.450022,79.12106,3.3,3.3,,Private,"2/10/1567, Jagtial Rd, Opp. Bharath Petrol Bunk, Karimnagar, Telangana 505001",Karimnagar,,,North,11549.978515625,20.0,2.0,1.0,0.0,11.0,0.0
56,NTC_0057,2023-02,2023,2,KARIMNAGAR,248.0,25.0,1.0,1.0,1,57,18.45797,79.135745,3.3,3.3,,Private,"F45P+6F, Choppadandi Rd, Subhash Nagar, Karimnagar, Telangana 505001",Karimnagar,,,North,10176.361328125,15.0,0.0,0.0,1.0,6.0,0.0
57,NTC_0058,2023-02,2023,2,KARIMNAGAR,248.0,25.0,1.0,1.0,1,57,18.466954,79.11081,3.3,3.3,,Private,"Saleh Nagar, Karimnagar, Telangana 505001",Karimnagar,,,North,4565.60546875,2.0,0.0,0.0,0.0,0.0,0.0
58,NTC_0059,2023-02,2023,2,KARIMNAGAR,248.0,25.0,1.0,1.0,1,57,18.466954,79.11081,3.3,3.3,,Private,"Saleh Nagar, Karimnagar, Telangana 505001",Karimnagar,,,North,4565.60546875,2.0,0.0,0.0,0.0,0.0,0.0
59,NTC_0060,2023-02,2023,2,KARIMNAGAR,248.0,25.0,1.0,1.0,1,57,18.569391,78.992665,3.3,3.3,,Private,"Karimnagar, Telangana 505445",Karimnagar,,,North,2609.7373046875,1.0,0.0,0.0,0.0,1.0,0.0
60,NTC_0061,2023-02,2023,2,KARIMNAGAR,248.0,25.0,1.0,1.0,1,57,18.369147,78.768241,7.4,7.4,,Government,Latha Filling Station Redypalem,Konaraopeta,,,North,1362.5322265625,1.0,0.0,0.0,0.0,0.0,0.0
61,NTC_0062,2023-02,2023,2,KARIMNAGAR,248.0,25.0,1.0,1.0,1,57,18.441031,78.883328,7.4,7.4,,Government,"M/S. Aditya Service Station,Nampalli",Sircilla,,,North,1099.497802734375,0.0,0.0,0.0,0.0,0.0,0.0
62,NTC_0063,2023-02,2023,2,KARIMNAGAR,248.0,25.0,1.0,1.0,1,57,18.441615,79.11744,7.4,7.4,,Government,"M/S. Ddl Filling Station,St. Alphones",Karimnagar,,,North,13740.29296875,29.0,0.0,0.0,0.0,15.0,0.0
63,NTC_0064,2023-02,2023,2,KARIMNAGAR,248.0,25.0,1.0,1.0,1,57,18.369147,78.768241,7.4,7.4,,Government,"M/S. Durga Matha Filling Station,Peddur",Bonala,,,North,1362.5322265625,1.0,0.0,0.0,0.0,0.0,0.0
64,NTC_0065,2023-02,2023,2,KARIMNAGAR,248.0,25.0,1.0,1.0,1,57,18.428366,79.138306,7.4,7.4,,Government,"M/S. Mahavir Petroleum,Kaman Jn, Karimnagar",Karimnagar,,,North,12985.5224609375,48.0,7.0,4.0,2.0,2.0,2.0
65,NTC_0066,2023-02,2023,2,KARIMNAGAR,248.0,25.0,1.0,1.0,1,57,18.303766,79.170999,30.0,30.0,,Government,Nusthullapur,Karimnagar,,,North,797.7135620117188,0.0,0.0,0.0,0.0,0.0,0.0
66,NTC_0067,2023-02,2023,2,KARIMNAGAR,248.0,25.0,1.0,1.0,1,57,18.460028,79.116805,7.0,7.0,,Government,Tsrtc Karimnagar,Karimnagar,,,North,6792.4716796875,3.0,0.0,1.0,0.0,1.0,0.0
67,NTC_0068,2023-02,2023,2,KARIMNAGAR,248.0,25.0,1.0,1.0,1,57,18.486176,79.221896,3.3,3.3,,Government,Indian Oil Dealer Sy.No.39/B/1 Mogdumpur: Village,Karim Nagar,,,North,431.1429443359375,0.0,0.0,0.0,0.0,0.0,0.0
68,NTC_0069,2023-02,2023,2,KARIMNAGAR,248.0,25.0,1.0,1.0,1,57,18.21528,79.413619,3.3,3.3,,Government,Indian Oil Dealer Sy.No.499/D Huzurabad (V) Huzurabad Mandal,Karim Nagar,,,North,783.02783203125,3.0,0.0,0.0,0.0,0.0,0.0
69,NTC_0070,2023-02,2023,2,KARIMNAGAR,248.0,25.0,1.0,1.0,1,57,18.45438,79.052511,3.3,3.3,,Government,Indian Oil Dealer Sy.No.95/C Kamanpur Village,Karim Nagar,,,North,1415.764404296875,0.0,0.0,0.0,0.0,0.0,0.0
70,NTC_0071,2023-02,2023,2,KARIMNAGAR,248.0,25.0,1.0,1.0,1,57,18.347634,79.417365,3.3,3.3,,Government,Indian Oil Dealer Veenavanka Villa Veenavanka Mandalkarimnagar Distri Telanagana 505502,Karim Nagar,,,North,426.4508666992188,9.0,0.0,0.0,0.0,4.0,0.0
71,NTC_0072,2023-02,2023,2,KARIMNAGAR,248.0,25.0,1.0,1.0,1,57,18.404848,79.150503,7.4,7.4,,Government,Indian Oil Delears L No T3/127/D1 Sy. No.482 & 483/A & B Alugunur(V) Andhra Pradesh C-7-2,Karim Nagar,,,North,1577.6710205078125,6.0,4.0,0.0,0.0,1.0,0.0
72,NTC_0073,2023-02,2023,2,KARIMNAGAR,248.0,25.0,1.0,1.0,1,57,18.289857,79.476392,7.4,7.4,,Private,"Jammikunta, Telangana",Karimnagar,,,North,8425.23828125,59.0,9.0,0.0,0.0,15.0,11.0
73,NTC_0074,2023-02,2023,2,KARIMNAGAR,248.0,25.0,1.0,1.0,1,57,18.289891,79.476534,7.4,7.4,,Private,"Railway Station Road, Jammikunta, Telangana 505122",Chelpur,,,North,8425.23828125,58.0,9.0,0.0,0.0,15.0,11.0
74,NTC_0075,2023-02,2023,2,KARIMNAGAR,248.0,25.0,1.0,1.0,1,57,18.459566,79.142254,7.4,7.4,,Private,Saraswathi Nagar Telangana,Karimnagar,,,North,1473.7767333984375,5.0,0.0,0.0,1.0,3.0,0.0
75,NTC_0076,2023-02,2023,2,KARIMNAGAR,248.0,25.0,1.0,1.0,1,57,17.820708,78.07434,25.0,25.0,,Private,"Iocl - Raja Rajeshwara F/P, Gangadhara, Sy No 103/A, Odyaram, Gangadhara Mandal, Karimnagar Dist, Telangana 505445",Karimnagar,,,North,647.6260986328125,2.0,0.0,0.0,0.0,0.0,0.0
76,NTC_0077,2023-02,2023,2,KARIMNAGAR,248.0,25.0,1.0,1.0,1,57,18.748328,79.435889,30.0,30.0,,Private,"Iocl ?? Sai Leela As, Kundanpally, Sy No 301, Kundanpally, Ramagundam, Karimnagar Dist, Telangana, 505215",Ramagundam,,,North,3740.2705078125,2.0,0.0,0.0,0.0,0.0,0.0
77,NTC_0078,2023-02,2023,2,KARIMNAGAR,248.0,25.0,1.0,1.0,1,57,18.094591,79.449921,30.0,30.0,,Private,"Iocl - Sai Ss, Elkaturthy, Sy No 315&317, Elkaturthy, Warangal Urban Dist(Old Karimnagar), Telangana 505476",Elkathurthy,,,North,2134.3212890625,5.0,0.0,0.0,1.0,2.0,0.0
78,NTC_0079,2023-02,2023,2,KARIMNAGAR,248.0,25.0,1.0,1.0,1,57,18.198936,79.397736,30.0,30.0,,Private,"Iocl - Sudhakar Ss, Huzurabad, Sy No -2370, Huzurabad, Karimnagar Dist, Telangana - 505468",Huzurabad,,,North,7463.61572265625,38.0,5.0,0.0,1.0,10.0,4.0
79,NTC_0080,2023-02,2023,2,KARIMNAGAR,248.0,25.0,1.0,1.0,1,57,18.417928,79.13639,30.0,30.0,,Private,"Select Cars, Hyderabad Rd - Kothirampur, No 8-6-396, Hyderabad Rd, Kothirampur, Karimnagar, Telangana 505001",Karimnagar,,,North,11963.9296875,13.0,3.0,2.0,0.0,1.0,0.0
80,NTC_0081,2023-02,2023,2,KHAMMAM,1154.0,60.0,2.0,2.0,1,61,17.241155,80.14884,3.3,3.3,,Private,"64Rx+8Cp, Jammi Banda Rd, Manikya Nagar Basti, Khammam, Telangana 507002",Khammam,,,North,12966.24609375,225.0,79.0,6.0,1.0,53.0,30.0
81,NTC_0082,2023-02,2023,2,KHAMMAM,1154.0,60.0,2.0,2.0,1,61,17.250384,80.145695,3.3,3.3,,Private,"1, Wyra Rd, Balaji Nagar, Khammam, Telangana 507001",Khammam,,,North,12842.498046875,392.0,147.0,18.0,3.0,131.0,32.0
82,NTC_0083,2023-02,2023,2,KHAMMAM,1154.0,60.0,2.0,2.0,1,61,17.15668,80.174925,3.3,3.3,,Government,"Addanki Filling Station,Pandillapalli",Ananthasagar,,,North,143.37600708007812,2.0,0.0,0.0,0.0,0.0,0.0
83,NTC_0084,2023-02,2023,2,KHAMMAM,1154.0,60.0,2.0,2.0,1,61,17.055075,80.120911,3.3,3.3,,Government,"Janatha Filling Point,Banapuram",Appalanarasimhapuram,,,North,693.87109375,1.0,0.0,0.0,0.0,0.0,0.0
84,NTC_0085,2023-02,2023,2,KHAMMAM,1154.0,60.0,2.0,2.0,1,61,17.264221,80.146289,30.0,30.0,,Government,Khammam,Khammam,,,North,11732.1748046875,58.0,9.0,4.0,1.0,5.0,8.0
85,NTC_0086,2023-02,2023,2,KHAMMAM,1154.0,60.0,2.0,2.0,1,61,17.200138,80.560177,7.4,7.4,,Government,"M/S. Sree Anjaneya Filling Station,Kallur",Battulapalli,,,North,1376.8265380859375,6.0,0.0,0.0,0.0,2.0,0.0
86,NTC_0087,2023-02,2023,2,KHAMMAM,1154.0,60.0,2.0,2.0,1,61,17.285004,80.367436,3.3,3.3,,Government,"M/S. Sri Venkateswara Quality Fuels,Gubbagurthi",Dachapuram,,,North,15.015861511230469,2.0,0.0,0.0,0.0,0.0,0.0
87,NTC_0088,2023-02,2023,2,KHAMMAM,1154.0,60.0,2.0,2.0,1,61,17.254947,80.161735,7.4,7.4,,Government,"Sri Rama Kotaiah Fuel Point,Khammam",Ballepalli,,,North,11727.2421875,92.0,51.0,12.0,4.0,3.0,20.0
88,NTC_0089,2023-02,2023,2,KHAMMAM,1154.0,60.0,2.0,2.0,1,61,17.257184,81.131007,3.3,3.3,,Government,"Sri Vishnu Filling Station,Aswaraopet",Achutapuram,,,North,1419.481689453125,0.0,2.0,0.0,0.0,0.0,0.0
89,NTC_0090,2023-02,2023,2,KHAMMAM,1154.0,60.0,2.0,2.0,1,61,17.25135,80.1047,30.0,30.0,,Government,Yedulapuram,Khammam,,,North,2378.7060546875,18.0,0.0,0.0,10.0,0.0,3.0
90,NTC_0091,2023-02,2023,2,KHAMMAM,1154.0,60.0,2.0,2.0,1,61,17.311143,79.943543,3.3,3.3,,Government,Indian Oil Dealer 105/A2 Beerolu Village,Khammam,,,North,505.8935241699219,1.0,0.0,0.0,0.0,1.0,0.0
91,NTC_0092,2023-02,2023,2,KHAMMAM,1154.0,60.0,2.0,2.0,1,61,17.197091,80.526991,3.3,3.3,,Government,Indian Oil Dealer Lakshmi Thanda Kalluru Khammam Telangana 507209,Khammam,,,North,636.0092163085938,3.0,0.0,0.0,0.0,0.0,0.0
92,NTC_0093,2023-02,2023,2,KHAMMAM,1154.0,60.0,2.0,2.0,1,61,17.280815,80.864588,3.3,3.3,,Government,Indian Oil Dealer Sy.No.77/^N/^B/2B Buggapadu Sattupalli Mandal,Khammam,,,North,1549.2081298828125,0.0,0.0,0.0,0.0,0.0,0.0
93,NTC_0094,2023-02,2023,2,KHAMMAM,1154.0,60.0,2.0,2.0,1,61,17.228489,80.149773,7.4,7.4,,Government,Ioc Dlr Lock No. Ig4104 Mustafanagar Bonakal Roadkmm Ap Andhra Pradesh,Khammam,,,North,6752.20361328125,51.0,21.0,1.0,1.0,3.0,6.0
94,NTC_0095,2023-02,2023,2,KHAMMAM,1154.0,60.0,2.0,2.0,1,61,17.218696,80.29753,7.4,7.4,,Government,Iocl Dealer Sy.No.239/F/1/1 Khammam-Wyra Road Konijerla,Khammam,,,North,3828.487060546875,10.0,0.0,0.0,0.0,3.0,0.0
95,NTC_0096,2023-02,2023,2,KHAMMAM,1154.0,60.0,2.0,2.0,1,61,17.110654,80.337314,7.4,7.4,,Government,Sy.No.300A2 Rebbavaram Village Indian Oil Dealer Rebbavaram Village,Khammam,,,North,1104.2498779296875,2.0,0.0,0.0,0.0,0.0,0.0
96,NTC_0097,2023-02,2023,2,KHAMMAM,1154.0,60.0,2.0,2.0,1,61,17.27019,80.3579,3.3,3.3,,Government,Sy.No.382/2/3 Gubbakurthi Village Konijerla Mandal,Khammam,,,North,137.3402099609375,0.0,0.0,0.0,0.0,0.0,0.0
97,NTC_0098,2023-02,2023,2,KHAMMAM,1154.0,60.0,2.0,2.0,1,61,17.251209,80.139372,7.4,7.4,,Private,"9, Station Rd, Braman Bazar, Nizampet, Khammam, Telangana 507001",Burhanpuram,,,North,13571.845703125,345.0,127.0,11.0,7.0,99.0,26.0
98,NTC_0099,2023-02,2023,2,KHAMMAM,1154.0,60.0,2.0,2.0,1,61,16.921783,80.366179,7.4,7.4,,Private,"Madhira Railway Station, Madhira , Khammam, Telangana - 507203",Allinagaram,,,North,9937.2265625,47.0,14.0,0.0,2.0,10.0,2.0
99,NTC_0100,2023-02,2023,2,KHAMMAM,1154.0,60.0,2.0,2.0,1,61,17.552172,80.614378,7.4,7.4,,Private,"Yellandu Bypass Rd, Srinagar, Laxmidevipally, Telangana 507101",Bhajanamandir,,,North,11238.4462890625,121.0,22.0,7.0,4.0,20.0,5.0
100,NTC_0101,2023-02,2023,2,KHAMMAM,1154.0,60.0,2.0,2.0,1,61,17.250644,80.14484,30.0,30.0,,Private,"Iocl - Balaji Service Station, Khammam, Khammam Urban, Khammam District, Telangana 507003",Khammam,,,North,12842.498046875,397.0,146.0,18.0,3.0,131.0,33.0
101,NTC_0102,2023-02,2023,2,KHAMMAM,1154.0,60.0,2.0,2.0,1,61,17.67267,80.88891,30.0,30.0,,Private,"Iocl - Chakka Venkata Subba Rao, Bhadrachalam Rd, Bhadrachalam, Telangana 507111",Bhadrachalam,,,North,11163.7578125,50.0,3.0,3.0,4.0,10.0,4.0
102,NTC_0103,2023-02,2023,2,KHAMMAM,1154.0,60.0,2.0,2.0,1,61,18.314547,80.549561,30.0,30.0,,Private,"Iocl - Jai Ganesh Fs, National Highway 202, Chirtapalle G, Telangana 507136",Venkatapuram,,,North,1732.4237060546875,12.0,5.0,0.0,1.0,0.0,2.0
103,NTC_0104,2023-02,2023,2,KHAMMAM,1154.0,60.0,2.0,2.0,1,61,17.584326,80.329608,30.0,30.0,,Private,"Iocl - Janapriya Filling Station, Yellandu, Sy No: 609/43, Yellandu, Bhadradri Kothagudem Dist, Telangana 507123",Yellandu,,,North,7982.0107421875,37.0,3.0,1.0,1.0,7.0,3.0
104,NTC_0105,2023-02,2023,2,KHAMMAM,1154.0,60.0,2.0,2.0,1,61,17.840583,80.830393,30.0,30.0,,Private,"Iocl - Kandhulapullaiah Oil Fs, Rrrj+65R, Aswapuram, Telangana 507116",Aswapuram,,,North,5556.15185546875,7.0,1.0,0.0,1.0,1.0,0.0
105,NTC_0106,2023-02,2023,2,KHAMMAM,1154.0,60.0,2.0,2.0,1,61,17.599046,80.722814,30.0,30.0,,Private,"Iocl - Sri Ravi Fs, Palwancha, Indira Nagar Colony, Khammam, Nh-221, Kothagudem Bhadrachalam Road, Palvoncha, Palwancha, Telangana 507115",Paloncha,,,North,3565.380126953125,9.0,0.0,0.0,1.0,0.0,2.0
106,NTC_0107,2023-02,2023,2,KHAMMAM,1154.0,60.0,2.0,2.0,1,61,17.559601,80.481416,30.0,30.0,,Private,"Iocl - Sri Sai Venkateshwara Fs, Tekulpally, Hf5J+Vhh, Khammam, Telangana 507123",Tekulpally,,,North,2140.336181640625,6.0,0.0,0.0,0.0,0.0,0.0
107,NTC_0108,2023-02,2023,2,KHAMMAM,1154.0,60.0,2.0,2.0,1,61,17.207041,80.774754,30.0,30.0,,Private,"Iocl - Sri Vyshnavi Service Station, Sattupalli, Sy No: 259/A, Kistaram, Sattupalli, Khammam Dist. Telangana, 579567",Sathupalli,,,North,1141.4716796875,2.0,0.0,0.0,0.0,0.0,0.0
108,NTC_0109,2023-02,2023,2,KHAMMAM,1154.0,60.0,2.0,2.0,1,61,17.235149,80.136294,3.0,3.0,,Government,"H.NO.4-2-240/4, PLOT NO. 26, TIMBER DEPOT ROAD, , City=KHAMMAM, District=KHAMMAM, State=Telangana",KHAMMAM,,,North,11725.0078125,80.0,29.0,1.0,0.0,6.0,8.0
109,NTC_0110,2023-02,2023,2,KHAMMAM,1154.0,60.0,2.0,2.0,1,61,17.24376,80.103404,3.0,3.0,,Government,"KODAD X ROAD, KHAMMAM RURAL MANDAL, , City=GURRALAPADU, District=KHAMMAM, State=Telangana",GURRALAPADU,,,North,4857.3125,16.0,0.0,0.0,9.0,0.0,2.0
110,NTC_0111,2023-02,2023,2,KHAMMAM,1154.0,60.0,2.0,2.0,1,61,17.24376,80.103404,60.0,60.0,,Government,"KODAD X ROAD, KHAMMAM RURAL MANDAL, , City=GURRALAPADU, District=KHAMMAM, State=Telangana",GURRALAPADU,,,North,4857.3125,16.0,0.0,0.0,9.0,0.0,2.0
111,NTC_0112,2023-02,2023,2,KHAMMAM,1154.0,60.0,2.0,2.0,1,61,17.289629,80.191729,3.0,3.0,,Government,"RAGHUNATHAPALEM VIL, KHAMMAM, , City=RAGHUNADHAPALEM, District=KHAMMAM, Telangana, State=Telangana",RAGHUNADHAPALEM,,,North,554.8204956054688,4.0,0.0,0.0,1.0,0.0,0.0
112,NTC_0113,2023-02,2023,2,KHAMMAM,1154.0,60.0,2.0,2.0,1,61,17.237459,80.241697,60.0,60.0,,Government,"RO AT V VENKATAYAPALEM TO TANIKELLA, RO AT KHAMMAM TO SATHUPALLI ROAD, , City=V VENKATAYAPALEM, District=KHAMMAM, State=Telangana",V VENKATAYAPALEM,,,North,340.7128295898437,4.0,0.0,1.0,0.0,1.0,3.0
113,NTC_0114,2023-02,2023,2,KHAMMAM,1154.0,60.0,2.0,2.0,1,61,17.200695,80.63997,3.0,3.0,,Government,"S.NO.283/E,TUMALLAPALLI VILLAGE, VM BANJAR, , City=PENUBALLI MANDAL, District=KHAMMAM, State=Telangana",PENUBALLI MANDAL,,,North,386.0123291015625,0.0,0.0,0.0,0.0,0.0,0.0
114,NTC_0115,2023-02,2023,2,KHAMMAM,1154.0,60.0,2.0,2.0,1,61,17.200695,80.63997,60.0,60.0,,Government,"S.NO.283/E,TUMALLAPALLI VILLAGE, VM BANJAR, , City=PENUBALLI MANDAL, District=KHAMMAM, State=Telangana",PENUBALLI MANDAL,,,North,386.0123291015625,0.0,0.0,0.0,0.0,0.0,0.0
115,NTC_0116,2023-02,2023,2,KHAMMAM,1154.0,60.0,2.0,2.0,1,61,17.201445,80.858994,3.0,3.0,,Government,"SURVEY NO 56/AA/AA, SATTUPALLI VILLAGE, , City=SATTUPALLI, District=KHAMMAM, State=Telangana",SATTUPALLI,,,North,532.6900634765625,3.0,0.0,0.0,1.0,0.0,0.0
116,NTC_0117,2023-02,2023,2,KHAMMAM,1154.0,60.0,2.0,2.0,1,61,17.201445,80.858994,60.0,60.0,,Government,"SURVEY NO 56/AA/AA, SATTUPALLI VILLAGE, , City=SATTUPALLI, District=KHAMMAM, State=Telangana",SATTUPALLI,,,North,532.6900634765625,3.0,0.0,0.0,1.0,0.0,0.0
117,NTC_0118,2023-02,2023,2,KHAMMAM,1154.0,60.0,2.0,2.0,1,61,17.287124,80.107872,3.0,3.0,,Government,"SV NO 147/A1 PALLEGUDEM, MV PALEM GRAM PANCHAYAT, , City=MOTHAGUDEM, District=KHAMMAM, State=Telangana",MOTHAGUDEM,,,North,1027.00341796875,1.0,0.0,0.0,0.0,0.0,0.0
118,NTC_0119,2023-02,2023,2,KHAMMAM,1154.0,60.0,2.0,2.0,1,61,17.18048,80.391923,3.0,3.0,,Government,"SY.NO 715 STAGE PINAPAKA, H/O SIRIPURAM VILLAGE, , City=WYRA MANDAL, District=KHAMMAM, State=Telangana",WYRA MANDAL,,,North,1138.7822265625,2.0,0.0,0.0,1.0,0.0,0.0
119,NTC_0120,2023-02,2023,2,KHAMMAM,1154.0,60.0,2.0,2.0,1,61,17.18048,80.391923,60.0,60.0,,Government,"SY.NO 715 STAGE PINAPAKA, H/O SIRIPURAM VILLAGE, , City=WYRA MANDAL, District=KHAMMAM, State=Telangana",WYRA MANDAL,,,North,1138.7822265625,2.0,0.0,0.0,1.0,0.0,0.0
120,NTC_0121,2023-02,2023,2,MAHABUBABAD,0.0,30.0,1.0,1.0,1,5,17.58946,79.976113,3.3,3.3,,Government,Indian Oil Dealer 277/B/4 Shangapuram,Mahabubabad,,,North,1060.4637451171875,3.0,0.0,0.0,0.0,0.0,0.0
121,NTC_0122,2023-02,2023,2,MAHABUBABAD,0.0,30.0,1.0,1.0,1,5,17.483593,79.770309,3.3,3.3,,Government,Indian Oil Dealer Datla Dhanthalapally Mahabubabad Telangana 506324,Mahabubabad,,,North,533.3270263671875,2.0,0.0,0.0,0.0,0.0,0.0
122,NTC_0123,2023-02,2023,2,MAHABUBABAD,0.0,30.0,1.0,1.0,1,5,17.436956,79.968047,3.3,3.3,,Government,Indian Oil Dealer Sy.No.250/Aa Dharmaram Village,Mahabubabad,,,North,124.29739379882812,1.0,0.0,0.0,0.0,0.0,0.0
123,NTC_0124,2023-02,2023,2,MAHABUBABAD,0.0,30.0,1.0,1.0,1,5,17.387349,79.892135,7.4,7.4,,Government,Indian Oil Delears Marripeda Lock No T3-203H-1-5 Andhra Pradesh,Mahabubabad,,,North,5092.5419921875,13.0,0.0,0.0,0.0,3.0,0.0
124,NTC_0125,2023-02,2023,2,MAHABUBABAD,0.0,30.0,1.0,1.0,1,5,17.391207,79.88536,30.0,30.0,,Government,S.No.442 Vill & Mandal- Maripeda Maripeda Warangal Dist. Andhra Pradeshlno.-89/D1/94/T3 D-,Mahabubabad,,,North,4279.4453125,6.0,0.0,0.0,0.0,3.0,0.0
125,NTC_0126,2023-02,2023,2,MAHABUBABAD,0.0,30.0,1.0,1.0,1,5,17.521082,79.729615,7.4,7.4,,Government,Sy. No.421/1 & 2 Warangal-Kha Road Dantalapally Warangal Dist. Andhra Pradesh Lock No.-34/D1 E-,Mahabubabad,,,North,1573.4461669921875,4.0,0.0,0.0,0.0,1.0,0.0
126,NTC_0127,2023-02,2023,2,MAHABUBABAD,0.0,30.0,1.0,1.0,1,5,17.567723,79.670964,3.0,3.0,,Government,"S.NO.310/D, SH-7, WARANGAL-KHAMMAM ROAD, , City=TORRUR, District=MAHABUBABAD, State=Telangana",TORRUR,,,North,2529.416015625,2.0,0.0,0.0,0.0,1.0,0.0
127,NTC_0128,2023-02,2023,2,MAHABUBABAD,0.0,30.0,1.0,1.0,1,5,17.567723,79.670964,60.0,60.0,,Government,"S.NO.310/D, SH-7, WARANGAL-KHAMMAM ROAD, , City=TORRUR, District=MAHABUBABAD, State=Telangana",TORRUR,,,North,2529.416015625,2.0,0.0,0.0,0.0,1.0,0.0
128,NTC_0129,2023-02,2023,2,MAHABUBABAD,0.0,30.0,1.0,1.0,1,5,17.408252,79.872937,3.0,3.0,,Government,"SH 7, WARANGAL-KHAMMAM ROAD, #, , City=MARIPEDA, District=MAHABUBABAD, State=Telangana",MARIPEDA,,,North,219.88461303710935,2.0,0.0,0.0,0.0,0.0,0.0
129,NTC_0130,2023-02,2023,2,MAHABUBABAD,0.0,30.0,1.0,1.0,1,5,17.408252,79.872937,60.0,60.0,,Government,"SH 7, WARANGAL-KHAMMAM ROAD, #, , City=MARIPEDA, District=MAHABUBABAD, State=Telangana",MARIPEDA,,,North,219.88461303710935,2.0,0.0,0.0,0.0,0.0,0.0
130,NTC_0131,2023-02,2023,2,MANCHERIAL,0.0,30.0,1.0,1.0,1,11,18.84879,79.662238,7.0,7.0,,Government,Bheemaram,Mancherial,,,North,138.0597381591797,1.0,0.0,0.0,0.0,0.0,0.0
131,NTC_0132,2023-02,2023,2,MANCHERIAL,0.0,30.0,1.0,1.0,1,11,19.02382,79.129356,7.4,7.4,,Government,"Rajnivas Hp Filling Station,Lingapur",Dandepalli,,,North,812.6281127929688,1.0,0.0,0.0,0.0,0.0,0.0
132,NTC_0133,2023-02,2023,2,MANCHERIAL,0.0,30.0,1.0,1.0,1,11,19.073975,79.519263,7.0,7.0,,Government,Thallagurijala,Mancherial,,,North,328.8760986328125,3.0,0.0,0.0,0.0,1.0,1.0
133,NTC_0134,2023-02,2023,2,MANCHERIAL,0.0,30.0,1.0,1.0,1,11,18.936868,79.193797,3.3,3.3,,Government,Indian Oil Dealer Sy.No.60/Ac Venkatraopet (V) Luxettipet Mandal,Mancherial,,,North,855.5439453125,3.0,0.0,0.0,0.0,1.0,0.0
134,NTC_0135,2023-02,2023,2,MANCHERIAL,0.0,30.0,1.0,1.0,1,11,18.878864,79.448992,7.4,7.4,,Private,"Mancherial, Telangana",Mancherial,,,North,11852.3076171875,100.0,22.0,2.0,2.0,27.0,3.0
135,NTC_0136,2023-02,2023,2,MANCHERIAL,0.0,30.0,1.0,1.0,1,11,19.051772,79.485612,7.4,7.4,,Private,"Railway Statiion Rd, Bellampalle, Telangana 504251",Mancherial,,,North,5069.87548828125,5.0,0.0,2.0,0.0,0.0,0.0
136,NTC_0137,2023-02,2023,2,MANCHERIAL,0.0,30.0,1.0,1.0,1,11,19.346868,79.490297,7.4,7.4,,Private,"Shop No:1-2-56, Adilabad, Opp. Rajkumar Lodge, Kagaznagar (M), Telangana 504296",Mancherial,,,North,10357.12109375,27.0,3.0,0.0,0.0,11.0,1.0
137,NTC_0138,2023-02,2023,2,MANCHERIAL,0.0,30.0,1.0,1.0,1,11,18.843597,79.760975,60.0,60.0,,Government,"BHAMRAOPET SIVAR OF CHENNUR MANDAL, NH 63 CHENNUR MANCHERIAL, , City=MANCHERIAL, District=MANCHERIAL, State=Telangana",MANCHERIAL,,,North,1175.7994384765625,1.0,0.0,0.0,0.0,0.0,0.0
138,NTC_0139,2023-02,2023,2,MANCHERIAL,0.0,30.0,1.0,1.0,1,11,18.878728,79.443346,3.0,3.0,,Government,"STATION ROAD, MANCHERIAL TOWN, #, , City=MANCHERIAL, District=MANCHERIAL, State=Telangana",MANCHERIAL,,,North,11852.3076171875,124.0,33.0,4.0,2.0,37.0,6.0
139,NTC_0140,2023-02,2023,2,MANCHERIAL,0.0,30.0,1.0,1.0,1,11,18.857092,79.477394,7.0,7.0,,Government,"SY NO.105/A1, NH 16, , City=CCC NASPUR, MANCHERIAL MANDAL, District=MANCHERIAL, State=Telangana","CCC NASPUR, MANCHERIAL MANDAL",,,North,4402.359375,12.0,5.0,0.0,1.0,4.0,0.0
140,NTC_0141,2023-02,2023,2,MANCHERIAL,0.0,30.0,1.0,1.0,1,11,18.868778,79.363904,7.0,7.0,,Government,"SY NO.340 GUDIPET POLICE CAMP, 13TH APSP, N H 16, , City=GUDIPET, MANCHERIAL MANDAL, District=MANCHERIAL, State=Telangana","GUDIPET, MANCHERIAL MANDAL",,,North,2054.78515625,2.0,0.0,0.0,0.0,0.0,0.0
141,NTC_0142,2023-02,2023,2,MANCHERIAL,0.0,30.0,1.0,1.0,1,11,18.868778,79.363904,60.0,60.0,,Government,"SY NO.340 GUDIPET POLICE CAMP, 13TH APSP, N H 16, , City=GUDIPET, MANCHERIAL MANDAL, District=MANCHERIAL, State=Telangana","GUDIPET, MANCHERIAL MANDAL",,,North,2054.78515625,2.0,0.0,0.0,0.0,0.0,0.0
142,NTC_0143,2023-02,2023,2,MANCHERIAL,0.0,30.0,1.0,1.0,1,11,18.842379,79.563681,60.0,60.0,,Government,"SY.NO.305, POST & VILLAGE -JAIPUR, , City=MANCHERIAL, District=MANCHERIAL, State=Telangana",MANCHERIAL,,,North,474.9358215332031,0.0,0.0,0.0,0.0,0.0,0.0
143,NTC_0144,2023-02,2023,2,MANCHERIAL,0.0,30.0,1.0,1.0,1,11,18.857078,79.489922,60.0,60.0,,Government,"THEEGALPAHAD - VILLAGE, SRIRAMPUR,, , City=MANCHERIAL MANDAL, District=MANCHERIAL, State=Telangana",MANCHERIAL MANDAL,,,North,4639.27734375,10.0,1.0,0.0,1.0,1.0,0.0
144,NTC_0145,2023-02,2023,2,NIRMAL,381.0,45.0,1.0,1.0,1,39,19.028681,78.08655,3.3,3.3,,Government,"M/S. Lokeshwar Petrol Station,Lokeswaram",Gadchanda,,,North,2905.36669921875,6.0,0.0,0.0,0.0,2.0,0.0
145,NTC_0146,2023-02,2023,2,NIRMAL,381.0,45.0,1.0,1.0,1,39,19.086198,78.351012,7.4,7.4,,Government,"M/S. Sri Venkateshwara Filling Station,Venkatapur",Kadthal,,,North,7117.42431640625,27.0,8.0,0.0,4.0,4.0,1.0
146,NTC_0147,2023-02,2023,2,NIRMAL,381.0,45.0,1.0,1.0,1,39,19.090424,78.323592,7.0,7.0,,Government,Manjulapur,Nirmal,,,North,598.2239990234375,5.0,0.0,0.0,0.0,0.0,1.0
147,NTC_0148,2023-02,2023,2,NIRMAL,381.0,45.0,1.0,1.0,1,39,19.088002,78.422586,7.0,7.0,,Government,Rathnapur Kandli,Nirmal,,,North,120.87532043457033,0.0,0.0,0.0,0.0,0.0,0.0
148,NTC_0149,2023-02,2023,2,NIRMAL,381.0,45.0,1.0,1.0,1,39,19.104407,78.244541,3.3,3.3,,Government,Indian Oil Dealer Dilawarpur Vill & Mandalnirmal Dis Telangana 504306,Nirmal,,,North,300.9901428222656,0.0,0.0,0.0,0.0,0.0,0.0
149,NTC_0150,2023-02,2023,2,NIRMAL,381.0,45.0,1.0,1.0,1,39,19.252994,77.943269,3.3,3.3,,Government,Indian Oil Dealer Sy.No.330/2B Kubeer Village,Nirmal,,,North,1615.829345703125,9.0,0.0,0.0,0.0,2.0,0.0
150,NTC_0151,2023-02,2023,2,NIRMAL,381.0,45.0,1.0,1.0,1,39,19.082489,78.360204,30.0,30.0,,Private,"Sree Venkateswara Motors, Divyanagar, Mallikarjuna Complex, Opp: Kvpg College, Divyanagar, Manchiryal Road, Nirmal, Telangana-504106",Nirmal,,,North,3925.6533203125,12.0,3.0,0.0,0.0,0.0,1.0
151,NTC_0152,2023-02,2023,2,NIRMAL,381.0,45.0,1.0,1.0,1,39,19.011316,78.367819,60.0,60.0,,Government,"BPCL DEALER , SYNO 1141( NH-7) ,, BPCL DEALER , SYNO 1141( NH-7) ,, , City=SOAN VILLAGE, NIRMAL MANDAL, District=NIRMAL, State=Telangana","SOAN VILLAGE, NIRMAL MANDAL",,,North,423.7235107421875,3.0,0.0,0.0,1.0,1.0,0.0
152,NTC_0153,2023-02,2023,2,NIRMAL,381.0,45.0,1.0,1.0,1,39,19.111409,78.341105,3.0,3.0,,Government,"D.NO.5-6-97/5-6J, NEAR BAIL BAZAR, , City=NIRMAL, District=NIRMAL, State=Telangana",NIRMAL,,,North,4339.6650390625,30.0,2.0,0.0,1.0,11.0,1.0
153,NTC_0154,2023-02,2023,2,NIRMAL,381.0,45.0,1.0,1.0,1,39,19.017567,78.133638,60.0,60.0,,Government,"SY. NO. 701/2/A,701/2C & 701/2, #, , City=NARSAPUR G, District=NIRMAL, State=Telangana",NARSAPUR G,,,North,-99999.0,0.0,0.0,0.0,0.0,0.0,0.0
154,NTC_0155,2023-02,2023,2,NIZAMABAD,483.0,75.0,2.0,2.0,1,50,18.725505,78.27407,30.0,30.0,,Government,Argul (Mamidipally),Nizamabad,,,North,479.2274475097656,5.0,0.0,0.0,0.0,1.0,0.0
155,NTC_0156,2023-02,2023,2,NIZAMABAD,483.0,75.0,2.0,2.0,1,50,18.653883,77.906754,7.0,7.0,,Government,Bodhan,Nizamabad,,,North,1850.1370849609373,0.0,0.0,0.0,0.0,0.0,0.0
156,NTC_0157,2023-02,2023,2,NIZAMABAD,483.0,75.0,2.0,2.0,1,50,18.932568,78.19099,3.0,3.0,,Government,Donkeshwar,Nizamabad,,,North,180.64881896972656,2.0,0.0,0.0,0.0,2.0,0.0
157,NTC_0158,2023-02,2023,2,NIZAMABAD,483.0,75.0,2.0,2.0,1,50,18.754848,78.338274,3.0,3.0,,Government,Govindpet,Nizamabad,,,North,383.6070861816406,0.0,0.0,0.0,0.0,0.0,0.0
158,NTC_0159,2023-02,2023,2,NIZAMABAD,483.0,75.0,2.0,2.0,1,50,18.926341,78.363747,3.3,3.3,,Government,"M/S Padma Mahesh Fuel Station,Mupkal",Bussapur,,,North,1320.476806640625,1.0,0.0,0.0,0.0,0.0,0.0
159,NTC_0160,2023-02,2023,2,NIZAMABAD,483.0,75.0,2.0,2.0,1,50,18.636174,78.177037,7.4,7.4,,Government,"Ms/Hsd Kabs Autolines,Bardipur",Chakarnpalli,,,North,1101.2393798828125,1.0,0.0,0.0,0.0,0.0,0.0
160,NTC_0161,2023-02,2023,2,NIZAMABAD,483.0,75.0,2.0,2.0,1,50,18.68807,78.082159,7.4,7.4,,Government,"Ms/Hsd Patc Petroleum,Arsapally",Gajulpet,,,North,2002.0052490234373,0.0,0.0,0.0,0.0,0.0,0.0
161,NTC_0162,2023-02,2023,2,NIZAMABAD,483.0,75.0,2.0,2.0,1,50,18.782115,78.012337,7.4,7.4,,Government,"Mshsd Sai Krupa Filling Station ,Navipet",Abhangapatnam,,,North,1119.072265625,1.0,0.0,0.0,0.0,0.0,0.0
162,NTC_0163,2023-02,2023,2,NIZAMABAD,483.0,75.0,2.0,2.0,1,50,18.682066,78.12554,7.0,7.0,,Government,Nizamabad Bypass,Nizamabad,,,North,55.79113006591797,2.0,0.0,0.0,0.0,0.0,0.0
163,NTC_0164,2023-02,2023,2,NIZAMABAD,483.0,75.0,2.0,2.0,1,50,18.798705,78.311285,3.0,3.0,,Government,Perkit,Nizamabad,,,North,3721.1943359375,10.0,0.0,0.0,0.0,1.0,0.0
164,NTC_0165,2023-02,2023,2,NIZAMABAD,483.0,75.0,2.0,2.0,1,50,18.821147,78.283979,3.3,3.3,,Government,Indian Oil Dealer 815/1/2 Pipri Village,Nizamabad,,,North,155.81187438964844,1.0,0.0,0.0,0.0,0.0,0.0
165,NTC_0166,2023-02,2023,2,NIZAMABAD,483.0,75.0,2.0,2.0,1,50,18.691112,78.17517,3.3,3.3,,Government,Indian Oil Dealer Amrad Village Sy.No.954/E Makloor Mandal Nizamabad District,Nizamabad,,,North,7.981236457824707,0.0,0.0,0.0,0.0,0.0,0.0
166,NTC_0167,2023-02,2023,2,NIZAMABAD,483.0,75.0,2.0,2.0,1,50,18.788625,78.007347,30.0,30.0,,Government,Indian Oil Dealer H.No.11-1-1929 Gangastan 1 Kanteshwar,Nizamabad,,,North,84.93750762939453,0.0,0.0,0.0,0.0,0.0,0.0
167,NTC_0168,2023-02,2023,2,NIZAMABAD,483.0,75.0,2.0,2.0,1,50,18.654626,78.334439,3.3,3.3,,Government,Indian Oil Dealer Mailaram Mailaram Dharpally Nizamabad Telanagana 503165,Nizamabad,,,North,1526.6243896484375,1.0,0.0,0.0,0.0,0.0,0.0
168,NTC_0169,2023-02,2023,2,NIZAMABAD,483.0,75.0,2.0,2.0,1,50,18.674504,78.482816,3.3,3.3,,Government,Indian Oil Dealer Sy No. 183/A And 184/A Pallikonda Village,Nizamabad,,,North,1754.6790771484375,1.0,0.0,0.0,0.0,0.0,0.0
169,NTC_0170,2023-02,2023,2,NIZAMABAD,483.0,75.0,2.0,2.0,1,50,18.604734,78.4232,3.3,3.3,,Government,Indian Oil Dealer Sy. No: 254/Aa Pedda Walgote Sirk Nizamabad Telangana 503165,Nizamabad,,,North,362.7457275390625,2.0,0.0,0.0,0.0,0.0,0.0
170,NTC_0171,2023-02,2023,2,NIZAMABAD,483.0,75.0,2.0,2.0,1,50,18.649571,78.077398,7.4,7.4,,Government,Indian Oil Dealer Sy.No. 1881&1882 Woddara Colony Village,Nizamabad,,,North,2035.5721435546875,4.0,0.0,0.0,0.0,1.0,0.0
171,NTC_0172,2023-02,2023,2,NIZAMABAD,483.0,75.0,2.0,2.0,1,50,18.574001,78.114303,7.4,7.4,,Government,Indian Oil Dealer Sy.No. 253 Narsingpally Village,Nizamabad,,,North,934.0013427734376,3.0,0.0,0.0,0.0,1.0,0.0
172,NTC_0173,2023-02,2023,2,NIZAMABAD,483.0,75.0,2.0,2.0,1,50,18.846651,78.308902,7.4,7.4,,Government,Indian Oil Dealer Sy.No. 50/60E & 50/6A Fathepur Village,Nizamabad,,,North,41.69420623779297,2.0,0.0,0.0,0.0,0.0,0.0
173,NTC_0174,2023-02,2023,2,NIZAMABAD,483.0,75.0,2.0,2.0,1,50,18.545161,78.436168,3.3,3.3,,Government,Indian Oil Dealer Sy.No. 58 58/A/A 58/A/2 Gadkole Village,Nizamabad,,,North,659.8473510742188,0.0,0.0,0.0,0.0,0.0,0.0
174,NTC_0175,2023-02,2023,2,NIZAMABAD,483.0,75.0,2.0,2.0,1,50,18.510487,77.964885,3.3,3.3,,Government,Indian Oil Dealer Sy.No.193/A &1 93/Aa Jalalpur Village,Nizamabad,,,North,460.3988952636719,1.0,0.0,0.0,0.0,0.0,0.0
175,NTC_0176,2023-02,2023,2,NIZAMABAD,483.0,75.0,2.0,2.0,1,50,18.707625,78.446418,7.4,7.4,,Government,Indian Oil Dealer Sy.No.38/2 Bheemagal Village,Nizamabad,,,North,5904.515625,4.0,0.0,0.0,0.0,1.0,0.0
176,NTC_0177,2023-02,2023,2,NIZAMABAD,483.0,75.0,2.0,2.0,1,50,18.66695,78.08612,7.4,7.4,,Government,Indian Oil Dealer Sy.No.9-8-209 & 9-8-210 Quila Road Nizamabad Town,Nizamabad,,,North,12418.916015625,36.0,2.0,0.0,2.0,5.0,1.0
177,NTC_0178,2023-02,2023,2,NIZAMABAD,483.0,75.0,2.0,2.0,1,50,18.68606,78.107104,3.3,3.3,,Government,Indian Oil Dealer Sy.No-382 Old Sy.No-234/2 Gurubabadi Near Kanteshwar,Nizamabad,,,North,11701.4453125,42.0,7.0,1.0,1.0,4.0,4.0
178,NTC_0179,2023-02,2023,2,NIZAMABAD,483.0,75.0,2.0,2.0,1,50,18.929667,78.431861,3.3,3.3,,Government,Indian Oil Dealer Velkatoor Villag Sy No.13/2E/2 Mendora Mandal Nizamabad District,Nizamabad,,,North,1113.8623046875,3.0,0.0,0.0,0.0,0.0,0.0
179,NTC_0180,2023-02,2023,2,NIZAMABAD,483.0,75.0,2.0,2.0,1,50,18.769634,78.294339,30.0,30.0,,Government,Indian Oil Dealers Armoor Andhra Pradesh,Nizamabad,,,North,1504.7630615234375,3.0,0.0,0.0,0.0,1.0,0.0
180,NTC_0181,2023-02,2023,2,NIZAMABAD,483.0,75.0,2.0,2.0,1,50,18.687108,78.063675,30.0,30.0,,Government,Indian Oil Dealers S.No.202Arsapalli-V Andhra Pradesh,Nizamabad,,,North,4379.64208984375,2.0,1.0,0.0,0.0,0.0,0.0
181,NTC_0182,2023-02,2023,2,NIZAMABAD,483.0,75.0,2.0,2.0,1,50,18.799876,78.360463,30.0,30.0,,Government,Indian Oil Dealerspadgal (V) Sy No.561/36Armoor-Karimnagar Rd Andhra Pradesh,Nizamabad,,,North,355.0603332519531,1.0,0.0,0.0,0.0,0.0,0.0
182,NTC_0183,2023-02,2023,2,NIZAMABAD,483.0,75.0,2.0,2.0,1,50,18.612994,77.983689,7.4,7.4,,Government,Sy.No. 870/3 Mosra Village Indian Oil Dealer Mosra Village,Nizamabad,,,North,261.21942138671875,2.0,0.0,0.0,0.0,0.0,0.0
183,NTC_0184,2023-02,2023,2,NIZAMABAD,483.0,75.0,2.0,2.0,1,50,18.61822,77.888299,30.0,30.0,,Government,Sy.No. 99/E & 99/E1 Lad Mavandi Shivar Bodhan Mandal,Nizamabad,,,North,495.1812133789063,0.0,0.0,0.0,0.0,0.0,0.0
184,NTC_0185,2023-02,2023,2,NIZAMABAD,483.0,75.0,2.0,2.0,1,50,18.546528,78.382327,7.4,7.4,,Government,Sy.No.738/P6/3 Honnajipet Village Indian Oil Dealer Honnajipet Village,Nizamabad,,,North,145.6891326904297,0.0,0.0,0.0,0.0,0.0,0.0
185,NTC_0186,2023-02,2023,2,NIZAMABAD,483.0,75.0,2.0,2.0,1,50,18.675546,78.084493,3.3,3.3,,Private,"Nizamabad, Arsapally, Telangana,503001",Gajulpet,,,North,8747.0,21.0,1.0,0.0,0.0,2.0,0.0
186,NTC_0187,2023-02,2023,2,NIZAMABAD,483.0,75.0,2.0,2.0,1,50,18.532897,77.89655,30.0,30.0,,Private,"Iocl - Sai Baba Filling Point, Varni, Sy No 343/5, Varni, Sn Puram, Nizamabad, Telangana 503001",Varni,,,North,3801.326416015625,21.0,0.0,0.0,1.0,5.0,1.0
187,NTC_0188,2023-02,2023,2,NIZAMABAD,483.0,75.0,2.0,2.0,1,50,18.457903,77.802091,30.0,30.0,,Private,"Iocl - Sri Laxmi Narasimhaswamy Filling St, Bikroor, Sy No 745/A, Birkur, Kamareddy, Nizamabad Dist, Telangana State 503321",Bikroor,,,North,388.6008911132813,8.0,0.0,0.0,2.0,2.0,0.0
188,NTC_0189,2023-02,2023,2,NIZAMABAD,483.0,75.0,2.0,2.0,1,50,18.39506,77.879883,30.0,30.0,,Private,"Iocl - Sri Venkateswra Fs, Banswada, Sy No -342/4, Banswada, Kamareddy, Telangana - 503187",Banswada,,,North,1513.9915771484375,0.0,0.0,0.0,0.0,0.0,0.0
189,NTC_0190,2023-02,2023,2,NIZAMABAD,483.0,75.0,2.0,2.0,1,50,18.656376,78.123865,30.0,30.0,,Private,"Sree Venkateswara Motors, Hyderabad Road, #1??4/1A, Borgaon (P), Hyderabad Road, Nizamabad, Telangana ?? 503230",Nizamabad,,,North,7535.974609375,2.0,2.0,0.0,0.0,0.0,1.0
190,NTC_0191,2023-02,2023,2,NIZAMABAD,483.0,75.0,2.0,2.0,1,50,18.656376,78.123865,15.0,15.0,,Private,"Sree Venkateswara Motors, Hyderabad Road, #1??4/1A, Borgaon (P), Hyderabad Road, Nizamabad, Telangana ?? 503230",Nizamabad,,,North,7535.974609375,2.0,2.0,0.0,0.0,0.0,1.0
191,NTC_0192,2023-02,2023,2,NIZAMABAD,483.0,75.0,2.0,2.0,1,50,18.819941,78.424744,60.0,60.0,,Government,"1-65/5, DONKAL BUS STOP, DONKAL, NIZAMABAD, , City=DONKAL, District=NIZAMABAD, State=Telangana",DONKAL,,,North,5.590024471282959,0.0,0.0,0.0,0.0,0.0,0.0
192,NTC_0193,2023-02,2023,2,NIZAMABAD,483.0,75.0,2.0,2.0,1,50,18.673258,78.097458,3.0,3.0,,Government,"H NO 5-1-69 (N), NIZAMABAD, , City=NIZAMABAD, District=NIZAMABAD, State=Telangana",NIZAMABAD,,,North,13378.7919921875,139.0,58.0,5.0,1.0,67.0,2.0
193,NTC_0194,2023-02,2023,2,NIZAMABAD,483.0,75.0,2.0,2.0,1,50,18.678927,78.077613,3.0,3.0,,Government,"HOUSE NO 12 1 10 1, AUTONAGAR, , City=BODHAN ROAD NIZAMABAD MANDAL, District=NIZAMABAD, State=Telangana",BODHAN ROAD NIZAMABAD MANDAL,,,North,8752.30078125,9.0,0.0,0.0,0.0,2.0,0.0
194,NTC_0195,2023-02,2023,2,NIZAMABAD,483.0,75.0,2.0,2.0,1,50,18.68832,78.07788,3.0,3.0,,Government,"KHANAPUR, KHANAPUR, , City=NIZAMABAD, District=NIZAMABAD, State=Telangana",NIZAMABAD,,,North,2002.0052490234373,1.0,0.0,0.0,0.0,0.0,0.0
195,NTC_0196,2023-02,2023,2,NIZAMABAD,483.0,75.0,2.0,2.0,1,50,18.838159,78.521728,60.0,60.0,,Government,"NH-63 (IKD-16),, KAMARPALLY VILLAGE & MANDAL, , City=KAMMARPALLY, District=NIZAMABAD, State=Telangana",KAMMARPALLY,,,North,962.4353637695312,2.0,0.0,0.0,0.0,1.0,0.0
196,NTC_0197,2023-02,2023,2,NIZAMABAD,483.0,75.0,2.0,2.0,1,50,18.789897,78.287845,3.0,3.0,,Government,"S NO 431/3,, ARMOOR, , City=ARMOOR, District=NIZAMABAD, State=Telangana",ARMOOR,,,North,8108.02734375,29.0,2.0,0.0,0.0,12.0,2.0
197,NTC_0198,2023-02,2023,2,NIZAMABAD,483.0,75.0,2.0,2.0,1,50,18.898126,78.351788,60.0,60.0,,Government,"S.NO.70/2A/70/3U/71/2EE/&71/6EE, NH 7, KISSAN NAGAR, , City=NIZAMABAD, District=NIZAMABAD, State=Telangana",NIZAMABAD,,,North,1426.9385986328125,5.0,0.0,0.0,0.0,2.0,0.0
198,NTC_0199,2023-02,2023,2,NIZAMABAD,483.0,75.0,2.0,2.0,1,50,18.758172,78.283618,60.0,60.0,,Government,"SY NO 276, NH 44, #, , City=ARGUL VILLAGE, District=NIZAMABAD, State=Telangana",ARGUL VILLAGE,,,North,317.9600524902344,0.0,0.0,0.0,0.0,0.0,0.0
199,NTC_0200,2023-02,2023,2,NIZAMABAD,483.0,75.0,2.0,2.0,1,50,18.693031,78.095222,3.0,3.0,,Government,"SY NO 3217/AA & 3220, NIZAMABAD, , City=NIZAMABAD, District=NIZAMABAD, State=Telangana",NIZAMABAD,,,North,1962.6876220703125,7.0,1.0,0.0,0.0,1.0,0.0
200,NTC_0201,2023-02,2023,2,NIZAMABAD,483.0,75.0,2.0,2.0,1,50,18.685831,78.122581,3.0,3.0,,Government,"SY NO 473/P1, GOOPANPALLE, , City=NIZAMABAD, District=NIZAMABAD, State=Telangana",NIZAMABAD,,,North,5965.42724609375,9.0,3.0,0.0,0.0,1.0,0.0
201,NTC_0202,2023-02,2023,2,NIZAMABAD,483.0,75.0,2.0,2.0,1,50,18.803727,78.314218,60.0,60.0,,Government,"SY. NO. 359/4, NH-7, NIRMAL ROAD, ARMOOR MANDAL, , City=PERKIT, District=NIZAMABAD, State=Telangana",PERKIT,,,North,1060.6573486328125,2.0,0.0,0.0,0.0,0.0,0.0
202,NTC_0203,2023-02,2023,2,NIZAMABAD,483.0,75.0,2.0,2.0,1,50,18.792387,78.270395,60.0,60.0,,Government,"SY. NO.443/1 & 443/2 ARMOOR TOWN, #, , City=ARMOOR, District=NIZAMABAD, State=Telangana",ARMOOR,,,North,5159.0,8.0,0.0,0.0,0.0,0.0,0.0
203,NTC_0204,2023-02,2023,2,NIZAMABAD,483.0,75.0,2.0,2.0,1,50,18.587861,78.223686,30.0,30.0,,Government,"SY.NO.449/E,, DICHPALLY VILLAGE & MANDAL, , City=NIZAMABAD, District=NIZAMABAD, State=Telangana",NIZAMABAD,,,North,447.6744384765625,0.0,0.0,0.0,0.0,0.0,0.0
204,NTC_0205,2023-02,2023,2,NIZAMABAD,483.0,75.0,2.0,2.0,1,50,18.683821,78.114392,3.0,3.0,,Government,"NIZAMABAD TOWN, NIZAMABAD, NIZAMABAD, NIZAMABAD, Telangana",NIZAMABAD,,,North,11184.046875,24.0,7.0,1.0,1.0,2.0,2.0
205,NTC_0206,2023-02,2023,2,NIZAMABAD,483.0,75.0,2.0,2.0,1,50,18.655544,78.126747,3.0,3.0,,Government,"SY NO. 363/AA PLOT NO.7,8,9,10,23,, 24,,25,26, PANGRA(B) VILLAGE, NZB, NIZAMABAD, NIZAMABAD, Telangana",NIZAMABAD,,,North,3725.54931640625,1.0,2.0,0.0,0.0,0.0,0.0
206,NTC_0207,2023-02,2023,2,PEDDAPALLI,403.0,90.0,3.0,3.0,1,34,18.523217,79.628825,3.3,3.3,,Government,"Kamala Filling Station ,Mutharam",Adivisomanpalli,,,North,733.1050415039062,0.0,0.0,0.0,0.0,0.0,0.0
207,NTC_0208,2023-02,2023,2,PEDDAPALLI,403.0,90.0,3.0,3.0,1,34,18.639855,79.630298,7.0,7.0,,Government,Kuchirajpalli,Peddapalli,,,North,671.2857055664062,0.0,0.0,0.0,0.0,0.0,0.0
208,NTC_0209,2023-02,2023,2,PEDDAPALLI,403.0,90.0,3.0,3.0,1,34,18.636403,79.391024,7.4,7.4,,Government,"M/S. Jaya Durga Filling Station,Bandampalli",Peddapalli,,,North,1107.8819580078125,2.0,0.0,0.0,0.0,1.0,0.0
209,NTC_0210,2023-02,2023,2,PEDDAPALLI,403.0,90.0,3.0,3.0,1,34,18.511455,79.27759,7.4,7.4,,Government,"M/S. Mahija Petroleum Services,Katnapally",Bonthakuntapalli,,,North,2922.94287109375,0.0,0.0,0.0,0.0,0.0,0.0
210,NTC_0211,2023-02,2023,2,PEDDAPALLI,403.0,90.0,3.0,3.0,1,34,18.63835,79.42228,3.3,3.3,,Government,"M/S. Sri Mallikarjuna Fuel Station ,Raghavapur",Peddapalli,,,North,554.2235717773438,2.0,0.0,0.0,0.0,0.0,0.0
211,NTC_0212,2023-02,2023,2,PEDDAPALLI,403.0,90.0,3.0,3.0,1,34,18.664832,79.167045,7.4,7.4,,Government,"M/S. Swathi Filling Station,Mallapur",Bommareddypalli,,,North,301.14434814453125,0.0,0.0,0.0,0.0,0.0,0.0
212,NTC_0213,2023-02,2023,2,PEDDAPALLI,403.0,90.0,3.0,3.0,1,34,18.762023,79.479682,7.4,7.4,,Government,"M/S. Venkat Sri Nidhi Fuel Point,Medipalli",Peddapalli,,,North,10291.8232421875,24.0,5.0,1.0,1.0,5.0,6.0
213,NTC_0214,2023-02,2023,2,PEDDAPALLI,403.0,90.0,3.0,3.0,1,34,18.702036,79.505968,7.4,7.4,,Government,Indian Oil Dealer Sy.No. 34/1/A1 Penchikalpet Village,Peddapalli,,,North,579.5717163085938,0.0,0.0,0.0,0.0,0.0,0.0
214,NTC_0215,2023-02,2023,2,PEDDAPALLI,403.0,90.0,3.0,3.0,1,34,18.694174,79.292562,7.4,7.4,,Government,Indian Oil Dealer Sy.No.385/A Dongathurthy Village,Peddapalli,,,North,1783.0040283203125,5.0,0.0,0.0,0.0,0.0,1.0
215,NTC_0216,2023-02,2023,2,PEDDAPALLI,403.0,90.0,3.0,3.0,1,34,18.54934,79.470255,3.3,3.3,,Government,Indian Oil Dealer Sy.No.778/E Vennampalli Village,Peddapalli,,,North,212.11485290527344,0.0,0.0,0.0,0.0,0.0,0.0
216,NTC_0217,2023-02,2023,2,PEDDAPALLI,403.0,90.0,3.0,3.0,1,34,18.709385,79.192209,7.4,7.4,,Government,Indian Oil Dealer Sy.No.97/2/7 Bommareddipalli Village,Peddapalli,,,North,538.570068359375,0.0,0.0,0.0,0.0,0.0,0.0
217,NTC_0218,2023-02,2023,2,PEDDAPALLI,403.0,90.0,3.0,3.0,1,34,18.753528,79.327345,3.3,3.3,,Government,Sy.No.338/1/1 Putnoor Village Indian Oil Dealer Palakurthy Mandal Peddapalli Dist,Peddapalli,,,North,23.358020782470703,0.0,0.0,0.0,0.0,0.0,0.0
218,NTC_0219,2023-02,2023,2,PEDDAPALLI,403.0,90.0,3.0,3.0,1,34,18.570608,79.587661,3.3,3.3,,Government,Sy.No.77/3 Matchupeta Indian Oil Dealer Matchupeta Village,Peddapalli,,,North,132.50025939941406,1.0,0.0,0.0,0.0,0.0,0.0
219,NTC_0220,2023-02,2023,2,PEDDAPALLI,403.0,90.0,3.0,3.0,1,34,18.613536,79.391945,7.4,7.4,,Private,"Bus Stand, Near, Pdpl Railway Station Rd, Kazipet, Pedapally, Telangana 505172",Peddapalli,,,North,815.6221313476562,13.0,0.0,0.0,1.0,3.0,1.0
220,NTC_0221,2023-02,2023,2,PEDDAPALLI,403.0,90.0,3.0,3.0,1,34,18.678064,79.407363,30.0,30.0,,Private,"Iocl - Onkar Roadlines Fp, Andagullapally,, Andugulapally, Karimnagar Dist. Telangana, 505172",Peddapalli,,,North,245.75167846679688,0.0,0.0,0.0,0.0,0.0,0.0
221,NTC_0222,2023-02,2023,2,PEDDAPALLI,403.0,90.0,3.0,3.0,1,34,18.645195,79.668585,30.0,30.0,,Private,"Iocl - Sri Ramakrishna Fs, Manthani, Peddapalli, Manthani, Peddapalli Area, Karimnagar Telangana - 505184",Peddapalli,,,North,2811.3603515625,17.0,1.0,0.0,0.0,7.0,0.0
222,NTC_0223,2023-02,2023,2,PEDDAPALLI,403.0,90.0,3.0,3.0,1,34,18.588657,79.372444,60.0,60.0,,Government,"BHARAT PETROLEUM DEALERS, KUNDANAPALLI VILLAGE, RAMAGUNDAM MANDAL, , City=RAMAGUNDAM, District=PEDDAPALLI, State=Telangana",RAMAGUNDAM,,,North,1689.968017578125,3.0,0.0,0.0,2.0,0.0,0.0
223,NTC_0224,2023-02,2023,2,PEDDAPALLI,403.0,90.0,3.0,3.0,1,34,18.752916,79.191478,60.0,60.0,,Government,"DHARMARAM TO RAYPATNAM ROAD, DHAARMARAM VILLAGE, , City=DHARMARAM, District=PEDDAPALLI, State=Telangana",DHARMARAM,,,North,720.0331420898438,0.0,0.0,0.0,0.0,0.0,0.0
224,NTC_0225,2023-02,2023,2,PEDDAPALLI,403.0,90.0,3.0,3.0,1,34,18.741148,79.571582,3.0,3.0,,Government,"MANCHERIAL ROAD,, GANDHINAGAR, , City=GODAVARIKHANI, District=PEDDAPALLI, State=Telangana",GODAVARIKHANI,,,North,723.5647583007812,3.0,0.0,0.0,0.0,0.0,0.0
225,NTC_0226,2023-02,2023,2,PEDDAPALLI,403.0,90.0,3.0,3.0,1,34,18.639321,79.426865,3.0,3.0,,Government,"PEDDAPALLI TO MANTHANI ROAD, RAGHAVAPUR, , City=PEDDAPALLI, District=PEDDAPALLI, State=Telangana",PEDDAPALLI,,,North,916.5613403320312,0.0,0.0,0.0,0.0,0.0,0.0
226,NTC_0227,2023-02,2023,2,PEDDAPALLI,403.0,90.0,3.0,3.0,1,34,18.593088,79.375122,3.0,3.0,,Government,"RANGAMPALLY (V), PEDDAPALLY, , City=PEDDAPALLI, District=PEDDAPALLI, State=Telangana",PEDDAPALLI,,,North,4615.66259765625,4.0,0.0,0.0,2.0,0.0,0.0
227,NTC_0228,2023-02,2023,2,PEDDAPALLI,403.0,90.0,3.0,3.0,1,34,18.642248,79.660791,3.0,3.0,,Government,"SY NO 897A 896D MANTHANI TOWN, MANTHANI TO PEDDAPALLI ROAD, , City=MANTHANI, District=PEDDAPALLI, State=Telangana",MANTHANI,,,North,3902.476318359375,12.0,0.0,0.0,0.0,3.0,0.0
228,NTC_0229,2023-02,2023,2,PEDDAPALLI,403.0,90.0,3.0,3.0,1,34,18.521258,79.304122,60.0,60.0,,Government,"SY NO. 297, POOSALA VILLAGE, RAJEEV RAHADARI, SULTANABAD, , City=SULTANABAD, District=PEDDAPALLI, State=Telangana",SULTANABAD,,,North,2876.927978515625,3.0,0.0,0.0,0.0,0.0,2.0
229,NTC_0230,2023-02,2023,2,PEDDAPALLI,403.0,90.0,3.0,3.0,1,34,18.772973,79.512656,3.0,3.0,,Government,"SY NO.801 & 802 JANGOAM (V), RAMAGUNDAM (M),RAJIV RAHADARI, , City=GODAVARIKHANI, District=PEDDAPALLI, State=Telangana",GODAVARIKHANI,,,North,8087.990234375,4.0,0.0,0.0,1.0,0.0,0.0
230,NTC_0231,2023-02,2023,2,WARANGAL,789.0,30.0,1.0,1.0,1,35,17.962523,79.63911,3.3,3.3,,Private,"Xj6Q+Xhq, K Street, Gorrekunta Village, Sthambampally, Telangana 506013",Warangal,,,North,4168.10400390625,2.0,0.0,0.0,0.0,0.0,0.0
231,NTC_0232,2023-02,2023,2,WARANGAL,789.0,30.0,1.0,1.0,1,35,17.989836,79.532757,3.3,3.3,,Private,"No 1-1-506 And 1-1506/1 Nit New, Rec Old, Waddepally Village, Hanumakonda ""Warangal Urban, Telangana- 506002""",Warangal,,,North,10075.3974609375,50.0,10.0,2.0,2.0,1.0,3.0
232,NTC_0233,2023-02,2023,2,WARANGAL,789.0,30.0,1.0,1.0,1,35,17.989836,79.532757,3.3,3.3,,Private,"No 1-1-506 And 1-1506/1 Nit New, Rec Old, Waddepally Village, Hanumakonda ""Warangal Urban, Telangana- 506002""",Warangal,,,North,10075.3974609375,50.0,10.0,2.0,2.0,1.0,3.0
233,NTC_0234,2023-02,2023,2,WARANGAL,789.0,30.0,1.0,1.0,1,35,17.999565,79.549861,3.3,3.3,,Private,"Xgxx+Rw4, Nakkala Gutta, Hanamkonda, Telangana 506001",Warangal,,,North,11482.103515625,75.0,33.0,5.0,4.0,17.0,9.0
234,NTC_0235,2023-02,2023,2,WARANGAL,789.0,30.0,1.0,1.0,1,35,18.211198,79.386254,3.3,3.3,,Private,"Karimnagar Rd, Huzurabad, Telangana 505468",Warangal,,,North,2381.30517578125,5.0,0.0,0.0,0.0,1.0,0.0
235,NTC_0236,2023-02,2023,2,WARANGAL,789.0,30.0,1.0,1.0,1,35,17.99099,79.591256,7.4,7.4,,Government,"Adhoc Sri Padmavathi Filling Station,Warangal Municipality",Warangal,,,North,3406.6044921875,97.0,19.0,2.0,4.0,19.0,9.0
236,NTC_0237,2023-02,2023,2,WARANGAL,789.0,30.0,1.0,1.0,1,35,17.50642,79.879307,7.4,7.4,,Government,Kalyani Petro Delaers Satyanaryanapuram,Chengapur,,,North,1922.3853759765625,5.0,0.0,0.0,0.0,0.0,0.0
237,NTC_0238,2023-02,2023,2,WARANGAL,789.0,30.0,1.0,1.0,1,35,17.968966,79.592785,7.4,7.4,,Government,"M/S. Aadhya Filling Station,Kareemabad",Warangal,,,North,13026.7587890625,44.0,6.0,1.0,1.0,6.0,0.0
238,NTC_0239,2023-02,2023,2,WARANGAL,789.0,30.0,1.0,1.0,1,35,17.974561,79.598035,7.4,7.4,,Government,"M/S. Abss Fuels Service Station,Medariwada, Warangal",Beat Bazar,,,North,13026.7587890625,92.0,21.0,7.0,3.0,17.0,1.0
239,NTC_0240,2023-02,2023,2,WARANGAL,789.0,30.0,1.0,1.0,1,35,17.996241,79.568597,7.4,7.4,,Government,"M/S. Adhoc Saritha Quality Fuels,Hanamkonda",Hanamkonda,,,North,4140.087890625,91.0,8.0,3.0,0.0,55.0,6.0
240,NTC_0241,2023-02,2023,2,WARANGAL,789.0,30.0,1.0,1.0,1,35,18.157739,80.62273,3.3,3.3,,Government,"M/S. Girijan Filling Station,Rajupeta",Warangal,,,North,246.27325439453125,0.0,2.0,0.0,0.0,0.0,0.0
241,NTC_0242,2023-02,2023,2,WARANGAL,789.0,30.0,1.0,1.0,1,35,17.905683,79.634023,7.4,7.4,,Government,"M/S. Sai Krishna Fill N Fly,Gadepalli, Warangal",Chintalapalli,,,North,435.2147216796875,1.0,0.0,0.0,0.0,0.0,0.0
242,NTC_0243,2023-02,2023,2,WARANGAL,789.0,30.0,1.0,1.0,1,35,17.50642,79.879307,3.3,3.3,,Government,"M/S. Teja Filling Station,Chinnagudur",Chengapur,,,North,1922.3853759765625,5.0,0.0,0.0,0.0,0.0,0.0
243,NTC_0244,2023-02,2023,2,WARANGAL,789.0,30.0,1.0,1.0,1,35,17.920269,79.596462,30.0,30.0,,Government,Mamnoor,Warangal,,,North,1410.818603515625,1.0,0.0,0.0,0.0,0.0,0.0
244,NTC_0245,2023-02,2023,2,WARANGAL,789.0,30.0,1.0,1.0,1,35,17.893093,79.937968,7.4,7.4,,Government,"Om Sai Filling Station,Khanapur Budharaopet",Chennaraopet,,,North,392.2155151367188,1.0,0.0,0.0,0.0,0.0,0.0
245,NTC_0246,2023-02,2023,2,WARANGAL,789.0,30.0,1.0,1.0,1,35,17.934005,79.857523,3.3,3.3,,Government,"Sheelam Rukkamma Filling Station,Maheswaram",Gurijala,,,North,684.1837768554688,11.0,5.0,0.0,0.0,0.0,2.0
246,NTC_0247,2023-02,2023,2,WARANGAL,789.0,30.0,1.0,1.0,1,35,17.96182,79.55865,7.4,7.4,,Government,Indian Oil Dealer Battupally Villa Sy.No.110/A 125/A1 Bhattupally Village,Warangal,,,North,531.1644897460938,1.0,0.0,0.0,0.0,0.0,1.0
247,NTC_0248,2023-02,2023,2,WARANGAL,789.0,30.0,1.0,1.0,1,35,18.095792,79.804294,3.3,3.3,,Government,Indian Oil Dealer Katakshapur Vill Sy.No.144/A/3/1 Atmakur Mandal Warangal District,Warangal Rural,,,North,388.3614807128906,1.0,0.0,0.0,0.0,0.0,0.0
248,NTC_0249,2023-02,2023,2,WARANGAL,789.0,30.0,1.0,1.0,1,35,18.255181,79.690383,3.3,3.3,,Government,Indian Oil Dealer Lakshmipuram Vil Sy. No.162/A/166 Lakshmipuram Village,Warangal Rural,,,North,62.34798049926758,0.0,0.0,0.0,0.0,0.0,0.0
249,NTC_0250,2023-02,2023,2,WARANGAL,789.0,30.0,1.0,1.0,1,35,17.759238,79.581693,3.3,3.3,,Government,Indian Oil Dealer Sy. No.460/B Wardhannapet (V&M) Warangal Telangana,Warangal,,,North,587.5903930664062,0.0,0.0,0.0,0.0,0.0,0.0
250,NTC_0251,2023-02,2023,2,WARANGAL,789.0,30.0,1.0,1.0,1,35,17.783278,79.53764,3.3,3.3,,Government,Indian Oil Dealer Sy.No. 107/C/1/2 Bandauthapur Village,Warangal,,,North,244.29367065429688,1.0,0.0,0.0,0.0,0.0,0.0
251,NTC_0252,2023-02,2023,2,WARANGAL,789.0,30.0,1.0,1.0,1,35,18.007518,79.755007,3.3,3.3,,Government,Indian Oil Dealer Sy.No.189/B/1 Elukurthy Village,Warangal Rural,,,North,117.84467315673828,0.0,0.0,0.0,0.0,0.0,0.0
252,NTC_0253,2023-02,2023,2,WARANGAL,789.0,30.0,1.0,1.0,1,35,17.674667,79.695636,3.3,3.3,,Government,Indian Oil Dealer Sy.No.397/1 Annaram Shareef Village,Warangal Rural,,,North,762.2468872070312,0.0,0.0,0.0,0.0,0.0,0.0
253,NTC_0254,2023-02,2023,2,WARANGAL,789.0,30.0,1.0,1.0,1,35,18.032301,79.628003,3.3,3.3,,Government,Indian Oil Dealer Sy.No.605 Arepa Arepally Paidipally Gp Village Warangal Mandal Warangal Urban Dis,Warangal,,,North,347.70709228515625,1.0,0.0,0.0,0.0,1.0,0.0
254,NTC_0255,2023-02,2023,2,WARANGAL,789.0,30.0,1.0,1.0,1,35,18.09586,79.558462,3.3,3.3,,Government,Indian Oil Dealer Sy.No.744/E/2/1/A 743/A/2/1/B &743/A/3/Aa Ambala Village,Warangal Rural,,,North,1007.710205078125,0.0,0.0,0.0,0.0,0.0,0.0
255,NTC_0256,2023-02,2023,2,WARANGAL,789.0,30.0,1.0,1.0,1,35,17.926077,79.596244,7.4,7.4,,Government,Indian Oil Dealers G-5-2 Khammam Highway Road Mamanur Andhra Pradesh Lock No.-130/D1/276,Warangal,,,North,2120.194580078125,1.0,0.0,0.0,0.0,0.0,0.0
256,NTC_0257,2023-02,2023,2,WARANGAL,789.0,30.0,1.0,1.0,1,35,18.176417,79.533456,7.4,7.4,,Government,Survey No.896 Kamalapur Uppal Karimnagarlock No D1-253 A-5-1 Andhra Pradesh,Warangal,,,North,1849.6187744140625,6.0,0.0,0.0,0.0,3.0,0.0
257,NTC_0258,2023-02,2023,2,WARANGAL,789.0,30.0,1.0,1.0,1,35,17.444583,80.152666,7.4,7.4,,Private,"Dornakal Railway Station,C5V3+R22,Dornakal, Telangana",Ammapalem,,,North,5114.96728515625,21.0,1.0,0.0,0.0,2.0,2.0
258,NTC_0259,2023-02,2023,2,WARANGAL,789.0,30.0,1.0,1.0,1,35,17.975183,79.510357,7.4,7.4,,Private,"Kazipet Railway Station, Rahamatnagar, Warangal",Bapujinagar,,,North,10192.17578125,26.0,7.0,0.0,0.0,7.0,1.0
259,NTC_0260,2023-02,2023,2,WARANGAL,789.0,30.0,1.0,1.0,1,35,17.99991,79.556176,7.4,7.4,,Private,"Nakkalagutta, Hanamkonda , Warangal, Telangana- 506002",Warangal,,,North,12865.6142578125,96.0,33.0,8.0,4.0,31.0,10.0
260,NTC_0261,2023-02,2023,2,WARANGAL,789.0,30.0,1.0,1.0,1,35,17.99991,79.556176,30.0,30.0,,Private,"Nakkalagutta, Hanamkonda , Warangal, Telangana- 506002",Warangal,,,North,12865.6142578125,96.0,33.0,8.0,4.0,31.0,10.0
261,NTC_0262,2023-02,2023,2,WARANGAL,789.0,30.0,1.0,1.0,1,35,17.724278,79.151783,7.4,7.4,,Private,"Near Railway Station, Jangaon, Telangana 506167",Jangaon,,,North,9176.224609375,37.0,4.0,1.0,0.0,5.0,1.0
262,NTC_0263,2023-02,2023,2,WARANGAL,789.0,30.0,1.0,1.0,1,35,17.973973,79.605233,7.4,7.4,,Private,"Warangal Railway Station, Girmajipet, Warangal, Telangana 506002",Warangal,,,North,13090.3388671875,94.0,21.0,10.0,4.0,13.0,1.0
263,NTC_0264,2023-02,2023,2,WARANGAL,789.0,30.0,1.0,1.0,1,35,17.980505,79.579956,30.0,30.0,,Private,"Iocl - Adhoc Ap Prison, (Hunter Road Fs), Xhjh+6X2, Ramannapet, Warangal, Telangana 506002",Warangal,,,North,6167.64111328125,6.0,4.0,0.0,2.0,0.0,1.0
264,NTC_0265,2023-02,2023,2,WARANGAL,789.0,30.0,1.0,1.0,1,35,17.994033,79.591653,25.0,25.0,,Private,"Iocl - Ap Prisons Department,, Sy No 32, Mattewada, Warangal Urban, Telangana 506001",Warangal,,,North,10368.853515625,91.0,12.0,3.0,4.0,18.0,12.0
265,NTC_0266,2023-02,2023,2,WARANGAL,789.0,30.0,1.0,1.0,1,35,18.087979,79.492938,30.0,30.0,,Private,"Iocl - Balaji Fs, Yellapur, Warangal-Karimnagar, Highway, Yellapur, Telangana 506371","Yellapur,Tl",,,North,1053.1796875,3.0,0.0,0.0,0.0,0.0,0.0
266,NTC_0267,2023-02,2023,2,WARANGAL,789.0,30.0,1.0,1.0,1,35,17.985489,79.573782,30.0,30.0,,Private,"Iocl - Orugallu Fs, Hunter Rd, Shyampet, Hanamkonda, Telangana 506001",Warangal,,,North,7248.42919921875,6.0,5.0,0.0,2.0,0.0,1.0
267,NTC_0268,2023-02,2023,2,WARANGAL,789.0,30.0,1.0,1.0,1,35,18.39744,78.122548,25.0,25.0,,Private,"Iocl - Shiva Sai Fp, Hanamkonda, Sy No 560, Waddepally, Hanamkonda, Waranagal Urban Dist Telangana - 506370",Warangal,,,North,3339.0078125,18.0,2.0,1.0,2.0,1.0,0.0
268,NTC_0269,2023-02,2023,2,WARANGAL,789.0,30.0,1.0,1.0,1,35,18.198788,79.698056,30.0,30.0,,Private,"Iocl - Vishwambhara Fs, Sy No 653/D, Parkal V&M, Warangal Urban District, Telangana 506162",Parkal,,,North,3876.064453125,26.0,1.0,1.0,1.0,10.0,0.0
269,NTC_0270,2023-02,2023,2,WARANGAL,789.0,30.0,1.0,1.0,1,35,18.013301,79.675042,30.0,30.0,,Private,"Iocl - Yadadri Fs, Sy No 254/A/2, Mustyalapalle, Damera, Warangal Rural Dist, Telangana 506006",Oglapur,,,North,99.40818786621094,0.0,0.0,0.0,0.0,0.0,0.0
270,NTC_0271,2023-02,2023,2,WARANGAL,789.0,30.0,1.0,1.0,1,35,17.999273,79.585443,25.0,25.0,,Private,"Select Cars, Svp Road, No. 15 - 1 - 315 Shri Vishnu Priya Complex Svp Road (Nh163) Beside Rama Krishna Theatre, Telangana 506007",Warangal,,,North,10368.853515625,44.0,5.0,4.0,5.0,11.0,8.0
271,CHG_0008,2023-02,2023,2,HYDERABAD,5575.0,54.0,3.0,3.0,1,180,17.391683,78.476672,3.3,3.3,1.0,Private,,,Ather,LEV DC Charge Point (IS-17017-2-7),South,14874.0166015625,123.0,39.0,17.0,7.0,24.0,13.0
320,CHG_0072,2023-02,2023,2,HYDERABAD,13419.0,132.0,13.0,13.0,1,180,17.428476,78.52774,50.0,50,2.0,Private,,,Fortum,Combo (CCS-II+CHAdeMO),South,10846.5478515625,58.0,13.0,2.0,5.0,13.0,10.0
321,CHG_0073,2023-02,2023,2,HYDERABAD,13419.0,132.0,13.0,13.0,1,180,17.428476,78.52774,15.0,15,1.0,Private,,,Fortum,Bharat DC-001,South,10846.5478515625,58.0,13.0,2.0,5.0,13.0,10.0
302,CHG_0096,2023-02,2023,2,HYDERABAD,1957.0,60.0,10.0,9.0,1,180,17.44329,78.49527,20.0,20,1.0,Private,,,Fortum,Bharat DC-001,South,1333.6585693359375,1.0,0.0,0.0,1.0,0.0,0.0
315,CHG_0125,2023-02,2023,2,HYDERABAD,1957.0,60.0,10.0,9.0,1,180,17.44329,78.49527,15.0,15,1.0,Government,,,Hyderabad Metro Corporation Ltd.,Bharat DC-001,South,13562.158203125,127.0,84.0,20.0,4.0,29.0,12.0
311,CHG_0130,2023-02,2023,2,HYDERABAD,5575.0,54.0,3.0,3.0,1,180,17.3985,78.4936,60.0,60,1.0,Government,,,IOCL,CCS-II,South,11563.1630859375,13.0,2.0,0.0,3.0,5.0,2.0
322,CHG_0134,2023-02,2023,2,HYDERABAD,1957.0,60.0,10.0,9.0,1,180,17.4379,78.4941,60.0,60,1.0,Government,,,IOCL,CCS-II,South,13332.654296875,164.0,53.0,12.0,9.0,24.0,13.0
325,CHG_0135,2023-02,2023,2,HYDERABAD,1957.0,60.0,10.0,9.0,1,180,17.4379,78.4941,60.0,60,1.0,Government,,,IOCL,CCS-II,South,12465.1044921875,147.0,30.0,9.0,6.0,25.0,11.0
326,CHG_0136,2023-02,2023,2,HYDERABAD,1957.0,60.0,10.0,9.0,1,180,17.44116,78.50442,60.0,60,1.0,Government,,,IOCL,CCS-II,South,12465.1044921875,147.0,30.0,9.0,6.0,25.0,11.0
327,CHG_0137,2023-02,2023,2,HYDERABAD,1957.0,60.0,10.0,9.0,1,180,17.44116,78.50442,60.0,60,1.0,Government,,,IOCL,CCS-II,South,13562.158203125,127.0,84.0,20.0,4.0,29.0,12.0
336,CHG_0159,2023-02,2023,2,HYDERABAD,5756.0,183.0,9.0,9.0,1,180,17.417592,78.456457,30.0,30,1.0,Private,,,Joule,CCS-II,South,3427.634033203125,1.0,0.0,0.0,0.0,0.0,0.0
292,CHG_0190,2023-02,2023,2,HYDERABAD,1957.0,60.0,10.0,9.0,1,180,17.4426,78.49535,7.4,7.4,1.0,Government,,,NTPC,Type-II AC,South,4827.072265625,10.0,0.0,0.0,0.0,0.0,2.0
291,CHG_0195,2023-02,2023,2,HYDERABAD,750.0,22.0,1.0,1.0,1,180,17.35733,78.47396,15.0,15,1.0,Government,,,REIL,Bharat DC-001,South,14463.517578125,69.0,27.0,1.0,8.0,11.0,1.0
290,CHG_0209,2023-02,2023,2,HYDERABAD,5575.0,54.0,3.0,3.0,1,180,17.38504,78.48667,15.0,15,1.0,Government,,,REIL,Bharat DC-001,South,14879.1064453125,25.0,8.0,0.0,5.0,3.0,1.0
289,CHG_0365,2023-02,2023,2,HYDERABAD,5756.0,183.0,9.0,9.0,1,180,17.418239,78.451807,7.4,7.4,1.0,Private,,,Tata Power,Type-II AC,South,12096.46875,57.0,27.0,1.0,4.0,8.0,2.0
288,CHG_0366,2023-02,2023,2,HYDERABAD,5756.0,183.0,9.0,9.0,1,180,17.418239,78.451807,7.4,7.4,1.0,Private,,,Tata Power,Type-II AC,South,12096.46875,57.0,27.0,1.0,4.0,8.0,2.0
287,CHG_0367,2023-02,2023,2,HYDERABAD,5756.0,183.0,9.0,9.0,1,180,17.418239,78.451807,10.0,3.3,1.0,Private,,,Tata Power,Bharat AC-001,South,9769.2744140625,18.0,1.0,0.0,1.0,4.0,1.0
286,CHG_0368,2023-02,2023,2,HYDERABAD,5756.0,183.0,9.0,9.0,1,180,17.418239,78.451807,10.0,3.3,1.0,Private,,,Tata Power,Bharat AC-001,South,4226.96337890625,3.0,0.0,0.0,1.0,0.0,1.0
313,CHG_0369,2023-02,2023,2,HYDERABAD,5756.0,183.0,9.0,9.0,1,180,17.418239,78.451807,10.0,3.3,1.0,Private,,,Tata Power,Bharat AC-001,South,1952.377197265625,0.0,0.0,0.0,0.0,0.0,0.0
316,CHG_0370,2023-02,2023,2,HYDERABAD,5756.0,183.0,9.0,9.0,1,180,17.418239,78.451807,10.0,3.3,1.0,Private,,,Tata Power,Bharat AC-001,South,5980.57177734375,5.0,0.0,0.0,0.0,1.0,0.0
329,CHG_0371,2023-02,2023,2,HYDERABAD,5756.0,183.0,9.0,9.0,1,180,17.418239,78.451807,10.0,3.3,1.0,Private,,,Tata Power,Bharat AC-001,South,310.970458984375,0.0,0.0,0.0,0.0,0.0,0.0
341,CHG_0372,2023-02,2023,2,HYDERABAD,5756.0,183.0,9.0,9.0,1,180,17.418239,78.451807,10.0,3.3,1.0,Private,,,Tata Power,Bharat AC-001,South,11563.1630859375,13.0,2.0,0.0,3.0,5.0,2.0
328,CHG_0383,2023-02,2023,2,HYDERABAD,1957.0,60.0,10.0,9.0,1,180,17.441846,78.50438,3.3,3.3,1.0,Private,,,UJOY,Bharat AC-001,South,13072.2470703125,128.0,26.0,9.0,6.0,26.0,11.0
340,CHG_0384,2023-02,2023,2,HYDERABAD,1957.0,60.0,10.0,9.0,1,180,17.44185,78.504376,3.3,3.3,1.0,Private,,,UJOY,Bharat AC-001,South,465.6034851074219,3.0,0.0,0.0,0.0,0.0,0.0
368,CHG_0385,2023-02,2023,2,HYDERABAD,1957.0,60.0,10.0,9.0,0,180,17.441846,78.504359,3.3,3.3,1.0,Private,,,UJOY,Bharat AC-001,South,377.5041198730469,1.0,0.0,0.0,0.0,0.0,0.0
339,CHG_0414,2023-02,2023,2,MAHBUBNAGAR,1190.0,54.0,1.0,1.0,1,34,16.525282,77.94011,60.0,60,1.0,Private,,,Fortum,CCS-II,South,6866.76123046875,10.0,2.0,0.0,1.0,1.0,5.0
342,CHG_0009,2023-02,2023,2,MEDCHAL MALKAJGIRI,13419.0,132.0,13.0,13.0,1,871,17.39981,78.555117,3.3,3.3,1.0,Private,,,Ather,LEV DC Charge Point (IS-17017-2-7),South,4651.49658203125,36.0,0.0,5.0,0.0,3.0,6.0
344,CHG_0078,2023-02,2023,2,MEDCHAL MALKAJGIRI,13419.0,132.0,13.0,13.0,1,871,17.399031,78.554874,15.0,15,1.0,Private,,,Fortum,Bharat DC-001,South,6017.83251953125,71.0,32.0,4.0,1.0,7.0,6.0
343,CHG_0079,2023-02,2023,2,MEDCHAL MALKAJGIRI,13419.0,132.0,13.0,13.0,1,871,17.399031,78.554874,50.0,50,2.0,Private,,,Fortum,Combo (CCS-II+CHAdeMO),South,6017.83251953125,71.0,32.0,4.0,1.0,7.0,6.0
285,CHG_0087,2023-02,2023,2,MEDCHAL MALKAJGIRI,13419.0,132.0,13.0,13.0,1,871,17.414084,78.547335,15.0,15,1.0,Private,,,Fortum,Bharat DC-001,South,13136.0341796875,233.0,98.0,59.0,0.0,15.0,14.0
284,CHG_0088,2023-02,2023,2,MEDCHAL MALKAJGIRI,13419.0,132.0,13.0,13.0,1,871,17.414084,78.547335,50.0,50,2.0,Private,,,Fortum,Combo (CCS-II+CHAdeMO),South,5495.91748046875,8.0,0.0,0.0,1.0,0.0,4.0
338,CHG_0230,2023-02,2023,2,MEDCHAL MALKAJGIRI,13419.0,132.0,13.0,13.0,1,871,17.39794,78.53363,15.0,15,1.0,Government,,,REIL,Bharat DC-001,South,3427.634033203125,1.0,0.0,0.0,0.0,0.0,0.0
356,CHG_0253,2023-02,2023,2,MEDCHAL MALKAJGIRI,13419.0,132.0,13.0,13.0,1,871,17.402559,78.573878,15.0,15,1.0,Government,,,REIL,Bharat DC-001,South,1098.8984375,2.0,0.0,0.0,1.0,0.0,0.0
306,CHG_0286,2023-02,2023,2,MEDCHAL MALKAJGIRI,13419.0,132.0,13.0,13.0,1,871,17.400215,78.554785,60.0,60,1.0,Private,,,Reliance BP,CCS-II,South,631.64306640625,2.0,0.0,0.0,2.0,0.0,0.0
309,CHG_0287,2023-02,2023,2,MEDCHAL MALKAJGIRI,13419.0,132.0,13.0,13.0,1,871,17.400215,78.554785,60.0,60,1.0,Private,,,Reliance BP,CCS-II,South,465.6034851074219,3.0,0.0,0.0,0.0,0.0,0.0
351,CHG_0470,2023-02,2023,2,MEDCHAL MALKAJGIRI,9004.0,316.0,16.0,15.0,1,871,17.563381,78.414399,7.0,7,1.0,Government,,,HPCL,Type-II AC,South,1159.760498046875,0.0,0.0,0.0,0.0,0.0,0.0
350,CHG_0474,2023-02,2023,2,MEDCHAL MALKAJGIRI,13419.0,132.0,13.0,13.0,1,871,17.401753,78.571562,30.0,30,1.0,Government,,,IOCL,CCS-II,South,1567.2392578125,4.0,0.0,0.0,2.0,0.0,0.0
283,CHG_0479,2023-02,2023,2,MEDCHAL MALKAJGIRI,9004.0,316.0,16.0,15.0,1,871,17.615578,78.485489,30.0,30,1.0,Government,,,IOCL,CCS-II,South,8759.7021484375,8.0,4.0,0.0,0.0,2.0,0.0
293,CHG_0481,2023-02,2023,2,MEDCHAL MALKAJGIRI,9004.0,316.0,16.0,15.0,1,871,17.597187,78.479233,7.4,7.4,1.0,Government,,,IOCL,Type-II AC,South,4827.072265625,10.0,0.0,0.0,0.0,0.0,2.0
295,CHG_0491,2023-02,2023,2,MEDCHAL MALKAJGIRI,9004.0,316.0,16.0,15.0,1,871,17.584077,78.49105,3.3,3.3,1.0,Government,,,IOCL,LEV AC Charge point,South,1098.8984375,2.0,0.0,0.0,1.0,0.0,0.0
317,CHG_0498,2023-02,2023,2,MEDCHAL MALKAJGIRI,9004.0,316.0,16.0,15.0,1,871,17.582874,78.427595,7.4,7.4,1.0,Government,,,IOCL,Type-II AC,South,13136.0341796875,269.0,86.0,57.0,0.0,17.0,15.0
337,CHG_0499,2023-02,2023,2,MEDCHAL MALKAJGIRI,9004.0,316.0,16.0,15.0,1,871,17.629434,78.567503,3.3,3.3,1.0,Government,,,IOCL,LEV AC Charge point,South,4305.76025390625,0.0,0.0,0.0,0.0,0.0,0.0
323,CHG_0500,2023-02,2023,2,MEDCHAL MALKAJGIRI,9004.0,316.0,16.0,15.0,1,871,17.567322,78.526287,7.4,7.4,1.0,Government,,,IOCL,Type-II AC,South,959.3157958984376,3.0,0.0,0.0,0.0,0.0,0.0
312,CHG_0501,2023-02,2023,2,MEDCHAL MALKAJGIRI,9004.0,316.0,16.0,15.0,1,871,17.593295,78.517025,3.3,3.3,1.0,Government,,,IOCL,LEV AC Charge point,South,13562.158203125,127.0,84.0,20.0,4.0,29.0,12.0
349,CHG_0515,2023-02,2023,2,MEDCHAL MALKAJGIRI,13419.0,132.0,13.0,13.0,1,871,17.394138,78.559477,3.0,3,1.0,Government,,,BPCL,Bharat AC,South,473.0079956054688,2.0,0.0,0.0,0.0,1.0,0.0
281,CHG_0528,2023-02,2023,2,MEDCHAL MALKAJGIRI,9004.0,316.0,16.0,15.0,1,871,17.636783,78.485357,30.0,30,1.0,Government,,,BPCL,CCS,South,5495.91748046875,7.0,0.0,0.0,1.0,0.0,0.0
333,CHG_0531,2023-02,2023,2,MEDCHAL MALKAJGIRI,9004.0,316.0,16.0,15.0,1,871,17.616179,78.388214,60.0,60,2.0,Government,,,BPCL,CCS,South,608.1780395507812,1.0,0.0,0.0,0.0,0.0,0.0
280,CHG_0538,2023-02,2023,2,MEDCHAL MALKAJGIRI,9004.0,316.0,16.0,15.0,1,871,17.610098,78.487597,60.0,60,2.0,Government,,,BPCL,CCS,South,10350.8330078125,45.0,5.0,4.0,1.0,9.0,7.0
346,CHG_0544,2023-02,2023,2,MEDCHAL MALKAJGIRI,9004.0,316.0,16.0,15.0,1,871,17.593106,78.569747,60.0,60,2.0,Government,,,BPCL,CCS,South,9014.0849609375,69.0,46.0,2.0,3.0,8.0,3.0
359,CHG_0545,2023-02,2023,2,MEDCHAL MALKAJGIRI,9004.0,316.0,16.0,15.0,1,871,17.544335,78.433703,3.0,3,1.0,Government,,,BPCL,Bharat AC,South,12222.5126953125,174.0,89.0,31.0,2.0,7.0,21.0
332,CHG_0552,2023-02,2023,2,MEDCHAL MALKAJGIRI,9004.0,316.0,16.0,15.0,1,871,17.631611,78.570332,60.0,60,2.0,Government,,,BPCL,CCS,South,13072.2470703125,128.0,26.0,9.0,6.0,26.0,11.0
331,CHG_0555,2023-02,2023,2,MEDCHAL MALKAJGIRI,9004.0,316.0,16.0,15.0,1,871,17.54459,78.47359,3.0,3,1.0,Government,,,BPCL,Bharat AC,South,13562.158203125,127.0,84.0,20.0,4.0,29.0,12.0
355,CHG_0556,2023-02,2023,2,MEDCHAL MALKAJGIRI,9004.0,316.0,16.0,15.0,1,871,17.569728,78.556302,60.0,60,2.0,Government,,,BPCL,CCS,South,12222.5126953125,174.0,89.0,31.0,2.0,7.0,21.0
308,CHG_0586,2023-02,2023,2,NALGONDA,2027.0,116.0,5.0,5.0,1,29,17.208348,79.177221,15.0,15,1.0,Private,,,Fortum,Bharat DC-001,South,651.2832641601562,2.0,0.0,1.0,1.0,1.0,0.0
307,CHG_0587,2023-02,2023,2,NALGONDA,2027.0,116.0,5.0,5.0,1,29,17.179663,79.25894,15.0,15,1.0,Private,,,Fortum,Bharat DC-001,South,7271.59228515625,77.0,35.0,3.0,1.0,8.0,6.0
334,CHG_0588,2023-02,2023,2,NALGONDA,2027.0,116.0,5.0,5.0,1,29,17.1796,79.258706,15.0,15,1.0,Private,,,Fortum,Bharat DC-001,South,6017.83251953125,75.0,33.0,4.0,1.0,8.0,6.0
362,CHG_0589,2023-02,2023,2,NALGONDA,2027.0,116.0,5.0,5.0,1,29,17.158136,79.311225,20.0,20,1.0,Private,,,Fortum,Bharat DC-001,South,536.1580200195312,2.0,0.0,0.0,0.0,0.0,0.0
361,CHG_0590,2023-02,2023,2,NALGONDA,2027.0,116.0,5.0,5.0,1,29,17.106361,79.51907,7.0,7,1.0,Government,,,HPCL,Type-II AC,South,2919.162841796875,5.0,0.0,0.0,0.0,1.0,0.0
358,CHG_0023,2023-02,2023,2,RANGAREDDY,3371.0,146.0,9.0,9.0,1,799,17.438065,78.392418,3.3,3.3,1.0,Private,,,Ather,LEV DC Charge Point (IS-17017-2-7),South,12222.5126953125,233.0,99.0,50.0,3.0,12.0,23.0
353,CHG_0149,2023-02,2023,2,RANGAREDDY,3371.0,146.0,9.0,9.0,1,799,17.44058,78.3982,60.0,60,1.0,Government,,,IOCL,CCS-II,South,13083.859375,78.0,41.0,0.0,6.0,10.0,2.0
357,CHG_0150,2023-02,2023,2,RANGAREDDY,3371.0,146.0,9.0,9.0,1,799,17.44058,78.3982,60.0,60,1.0,Government,,,IOCL,CCS-II,South,8773.0302734375,35.0,6.0,0.0,0.0,11.0,4.0
303,CHG_0185,2023-02,2023,2,RANGAREDDY,3371.0,146.0,9.0,9.0,1,799,17.445935,78.395065,3.3,3.3,1.0,Private,,,KAZAM,Bharat AC-001,South,2637.026611328125,9.0,3.0,0.0,2.0,1.0,0.0
279,CHG_0188,2023-02,2023,2,RANGAREDDY,3371.0,146.0,9.0,9.0,1,799,17.45,78.39,120.0,60,2.0,Private,,,Lioncharge,CCS-II,South,10350.8330078125,45.0,5.0,4.0,1.0,9.0,7.0
314,CHG_0275,2023-02,2023,2,RANGAREDDY,3371.0,146.0,9.0,9.0,1,799,17.448213,78.384346,60.0,60,1.0,Private,,,Reliance BP,CCS-II,South,9049.1083984375,137.0,46.0,9.0,7.0,16.0,12.0
318,CHG_0276,2023-02,2023,2,RANGAREDDY,3371.0,146.0,9.0,9.0,1,799,17.448213,78.384346,60.0,60,1.0,Private,,,Reliance BP,CCS-II,South,13136.0341796875,269.0,86.0,57.0,0.0,17.0,15.0
319,CHG_0277,2023-02,2023,2,RANGAREDDY,3371.0,146.0,9.0,9.0,1,799,17.448213,78.384346,7.5,7.5,1.0,Private,,,Reliance BP,Type-II AC,South,13136.0341796875,269.0,86.0,57.0,0.0,17.0,15.0
345,CHG_0362,2023-02,2023,2,RANGAREDDY,3371.0,146.0,9.0,9.0,1,799,17.45345,78.38334,25.0,25,2.0,Private,,,Tata Power,Combo (CCS-II+CHAdeMO),South,13083.859375,89.0,46.0,0.0,6.0,12.0,3.0
310,CHG_0673,2023-02,2023,2,RANGAREDDY,11089.0,197.0,11.0,10.0,1,799,17.329761,78.552914,50.0,50,2.0,Private,,,Fortum,Combo (CCS-II+CHAdeMO),South,15978.5419921875,136.0,47.0,11.0,4.0,23.0,22.0
330,CHG_0674,2023-02,2023,2,RANGAREDDY,11089.0,197.0,11.0,10.0,1,799,17.329761,78.552914,15.0,15,1.0,Private,,,Fortum,Bharat DC-001,South,13562.158203125,140.0,84.0,21.0,5.0,27.0,21.0
278,CHG_0706,2023-02,2023,2,RANGAREDDY,3458.0,67.0,6.0,6.0,1,799,17.335453,78.410268,7.0,7,1.0,Government,,,HPCL,Type-II AC,South,13562.158203125,127.0,84.0,20.0,4.0,29.0,12.0
360,CHG_0711,2023-02,2023,2,RANGAREDDY,11089.0,197.0,11.0,10.0,1,799,17.342648,78.556039,7.4,7.4,1.0,Government,,,IOCL,Type-II AC,South,14404.6796875,77.0,39.0,1.0,8.0,15.0,2.0
277,CHG_0738,2023-02,2023,2,RANGAREDDY,11089.0,197.0,11.0,10.0,1,799,17.33229,78.54195,7.4,7.4,1.0,Government,,,IOCL,Type-II AC,South,13562.158203125,127.0,84.0,20.0,4.0,29.0,12.0
282,CHG_0749,2023-02,2023,2,RANGAREDDY,11089.0,197.0,11.0,10.0,1,799,17.350558,78.543247,7.4,7.4,1.0,Private,,,Joule,Type-II AC,South,2394.149658203125,3.0,0.0,0.0,0.0,0.0,3.0
276,CHG_0750,2023-02,2023,2,RANGAREDDY,11089.0,197.0,11.0,10.0,1,799,17.350581,78.542938,10.0,3.3,1.0,Private,,,Joule,Bharat AC-001,South,13562.158203125,127.0,84.0,20.0,4.0,29.0,12.0
296,CHG_0751,2023-02,2023,2,RANGAREDDY,11089.0,197.0,11.0,10.0,1,799,17.350581,78.542938,10.0,3.3,1.0,Private,,,Joule,Bharat AC-001,South,9049.1083984375,137.0,46.0,9.0,7.0,16.0,12.0
297,CHG_0752,2023-02,2023,2,RANGAREDDY,11089.0,197.0,11.0,10.0,1,799,17.350581,78.542938,10.0,3.3,1.0,Private,,,Joule,Bharat AC-001,South,10187.822265625,258.0,122.0,54.0,1.0,9.0,23.0
335,CHG_0761,2023-02,2023,2,RANGAREDDY,3458.0,67.0,6.0,6.0,1,799,17.317335,78.402775,30.0,30,1.0,Private,,,Joule,CCS-II,South,11924.408203125,66.0,20.0,8.0,1.0,14.0,16.0
365,CHG_0797,2023-02,2023,2,RANGAREDDY,3458.0,67.0,6.0,6.0,1,799,17.326299,78.434238,15.0,15,1.0,Government,,,REIL,Bharat DC-001,South,1094.951171875,0.0,0.0,0.0,0.0,0.0,0.0
304,CHG_0799,2023-02,2023,2,RANGAREDDY,3458.0,67.0,6.0,6.0,1,799,17.317842,78.403597,15.0,15,1.0,Government,,,REIL,Bharat DC-001,South,7271.59228515625,77.0,35.0,3.0,1.0,8.0,6.0
352,CHG_0802,2023-02,2023,2,RANGAREDDY,11089.0,197.0,11.0,10.0,1,799,17.32988,78.55328,3.3,3.3,1.0,Government,,,REIL,Bharat AC-001,South,11563.1630859375,13.0,2.0,0.0,3.0,5.0,2.0
275,CHG_0808,2023-02,2023,2,RANGAREDDY,11089.0,197.0,11.0,10.0,1,799,17.3433,78.5399,3.0,3,1.0,Government,,,BPCL,Bharat AC,South,13562.158203125,127.0,84.0,20.0,4.0,29.0,12.0
274,CHG_0809,2023-02,2023,2,RANGAREDDY,11089.0,197.0,11.0,10.0,1,799,17.342441,78.547351,60.0,60,2.0,Government,,,BPCL,CCS,South,14846.453125,83.0,12.0,2.0,3.0,16.0,6.0
364,CHG_0847,2023-02,2023,2,RANGAREDDY,11089.0,197.0,11.0,10.0,1,799,17.341159,78.558448,3.0,3,1.0,Government,,,BPCL,Bharat AC,South,10749.7275390625,62.0,34.0,4.0,5.0,11.0,1.0
273,CHG_0849,2023-02,2023,2,RANGAREDDY,3458.0,67.0,6.0,6.0,1,799,17.328349,78.418179,3.0,3,1.0,Government,,,BPCL,Bharat AC,South,13400.03125,67.0,17.0,7.0,3.0,10.0,0.0
272,CHG_0850,2023-02,2023,2,RANGAREDDY,3458.0,67.0,6.0,6.0,1,799,17.328349,78.418179,60.0,60,2.0,Government,,,BPCL,CCS,South,9049.1083984375,142.0,48.0,9.0,7.0,16.0,13.0
367,CHG_0866,2023-02,2023,2,RANGAREDDY,29.0,82.0,3.0,2.0,0,799,17.292046,78.413685,50.0,50,2.0,Private,,,Fortum,Combo (CCS-II+CHAdeMO),South,5342.38037109375,4.0,0.0,0.0,2.0,0.0,0.0
294,CHG_0864,2023-02,2023,2,SANGAREDDY,29.0,82.0,3.0,2.0,1,126,17.56817,78.16011,15.0,15,1.0,Private,,,Fortum,Bharat DC-001,South,2242.7421875,0.0,0.0,0.0,0.0,0.0,0.0
354,CHG_0865,2023-02,2023,2,SANGAREDDY,29.0,82.0,3.0,2.0,1,126,17.56817,78.16011,15.0,15,1.0,Private,,,Fortum,Bharat DC-001,South,4130.97802734375,6.0,0.0,2.0,0.0,0.0,0.0
324,CHG_0913,2023-02,2023,2,SIDDIPET,2456.0,85.0,3.0,3.0,1,49,17.939888,78.956295,7.0,7,1.0,Government,,,HPCL,Type-II AC,South,13332.654296875,164.0,53.0,12.0,9.0,24.0,13.0
348,CHG_0914,2023-02,2023,2,SIDDIPET,2456.0,85.0,3.0,3.0,1,49,17.82027,78.730215,7.4,7.4,1.0,Government,,,HPCL,Type-II AC,South,11039.6650390625,148.0,33.0,21.0,4.0,9.0,7.0
347,CHG_0915,2023-02,2023,2,SIDDIPET,2456.0,85.0,3.0,3.0,1,49,18.119352,78.877037,7.4,7.4,1.0,Government,,,HPCL,Type-II AC,South,4329.95361328125,5.0,0.0,0.0,0.0,1.0,0.0
299,CHG_0943,2023-02,2023,2,SURYAPET,1227.0,96.0,5.0,5.0,1,30,16.982319,80.003576,15.0,15,1.0,Private,,,Fortum,Bharat DC-001,South,12096.46875,57.0,27.0,1.0,4.0,8.0,2.0
300,CHG_0944,2023-02,2023,2,SURYAPET,1227.0,96.0,5.0,5.0,1,30,17.128326,79.637229,15.0,15,1.0,Private,,,Fortum,Bharat DC-001,South,687.4005737304688,1.0,0.0,0.0,1.0,0.0,0.0
298,CHG_0945,2023-02,2023,2,SURYAPET,1227.0,96.0,5.0,5.0,1,30,17.145631,79.589817,15.0,15,1.0,Private,,,Fortum,Bharat DC-001,South,12096.46875,57.0,27.0,1.0,4.0,8.0,2.0
301,CHG_0946,2023-02,2023,2,SURYAPET,1227.0,96.0,5.0,5.0,1,30,17.151711,79.60734,15.0,15,1.0,Private,,,Fortum,Bharat DC-001,South,4294.21630859375,7.0,1.0,1.0,1.0,1.0,1.0
363,CHG_0947,2023-02,2023,2,SURYAPET,1227.0,96.0,5.0,5.0,1,30,16.829627,80.045997,7.0,7,1.0,Government,,,HPCL,Type-II AC,South,9432.44921875,12.0,1.0,1.0,1.0,3.0,0.0
366,CHG_0988,2023-02,2023,2,WANAPARTHY,0.0,55.0,1.0,0.0,0,11,16.382307,78.075599,7.4,7.4,1.0,Government,,,HPCL,Type-II AC,South,13072.2470703125,128.0,26.0,9.0,6.0,26.0,11.0
305,CHG_1004,2023-02,2023,2,YADADRI BHUVANAGIRI,47.0,40.0,1.0,1.0,1,15,17.237716,78.947218,50.0,50,2.0,Private,,,Fortum,Combo (CCS-II+CHAdeMO),South,4651.49658203125,37.0,0.0,4.0,0.0,3.0,6.0
